name,price,date,url
"Ematic Low Profile Mount 23-65"" - Black (EMW5105 )",19.99,13:39.5,https://www.ebay.com/sch/i.html?_from=R40&_trksid=p2380057.m570.l1313.TR11.TRC1.A0.H0.XEmatic+Low+Profile+Mount+23-65%22+-+Black+%28EMW5105+%29.TRS0&_nkw=Ematic+Low+Profile+Mount+23-65%22+-+Black+%28EMW5105+%29&_sacat=0
Jensen Portable CD Player with Bass Boost - Black (CD-60C),14.95,13:54.4,https://www.ebay.com/sch/i.html?_from=R40&_trksid=m570.l1313&_nkw=Jensen+Portable+CD+Player+with+Bass+Boost+-+Black+%28CD-60C%29&_sacat=0
Woods  Vacuum Cord 20ft - Gray,18.0,34:55.6,https://www.ebay.com/sch/i.html?_from=R40&_trksid=m570.l1313&_nkw=Woods++Vacuum+Cord+20ft+-+Gray&_sacat=0
Nintendo Joy-Con Gaming Controllers - Red/Blue,109.99,35:09.7,https://www.ebay.com/sch/i.html?_from=R40&_trksid=p2380057.m570.l1313.TR1.TRC0.A0.H0.XNintendo+Joy-Con+Gaming+Controllers+-+Red%2FBlue.TRS0&_nkw=Nintendo+Joy-Con+Gaming+Controllers+-+Red%2FBlue&_sacat=0
Griffin GB36152-3 Survivor Skin iPod Touch 5th Generation - Blue,10.37,35:25.7,https://www.ebay.com/sch/i.html?_from=R40&_trksid=m570.l1313&_nkw=Griffin+GB36152-3+Survivor+Skin+iPod+Touch+5th+Generation+-+Blue&_sacat=0
"Ematic Low Profile Mount 23-65"" - Black (EMW5105 )",19.99,35:36.8,https://www.ebay.com/sch/i.html?_from=R40&_trksid=p2380057.m570.l1313.TR11.TRC1.A0.H0.XEmatic+Low+Profile+Mount+23-65%22+-+Black+%28EMW5105+%29.TRS0&_nkw=Ematic+Low+Profile+Mount+23-65%22+-+Black+%28EMW5105+%29&_sacat=0
Assortment Mara Mi Fashion Endcap,6.99,36:02.9,https://www.ebay.com/sch/i.html?_from=R40&_trksid=p2380057.m570.l1313.TR12.TRC2.A0.H0.XAssortment+Mara+Mi+Fashion+Endcap.TRS0&_nkw=Assortment+Mara+Mi+Fashion+Endcap&_sacat=0
Sunglasses Bling Phone Charm,13.99,36:13.8,https://www.ebay.com/sch/i.html?_from=R40&_trksid=p2380057.m570.l1313.TR12.TRC2.A0.H0.XSunglasses+Bling+Phone+Charm.TRS0&_nkw=Sunglasses+Bling+Phone+Charm&_sacat=0
heyday  Wireless Bluetooth Earbuds - Pizzazz Pink,5.99,36:26.7,https://www.ebay.com/sch/i.html?_from=R40&_trksid=m570.l1313&_nkw=heyday++Wireless+Bluetooth+Earbuds+-+Pizzazz+Pink&_sacat=0
Heyday 6' USB-C to USB-A Round Cable - Pizzazz Pink,7.94,36:41.2,https://www.ebay.com/sch/i.html?_from=R40&_trksid=p2380057.m570.l1313.TR12.TRC2.A0.H0.XHeyday+6%27+USB-C+to+USB-A+Round+Cable+-+Pizzazz+Pink.TRS0&_nkw=Heyday+6%27+USB-C+to+USB-A+Round+Cable+-+Pizzazz+Pink&_sacat=0
Assortment Mara Mi Fashion Endcap,6.99,37:06.9,https://www.ebay.com/sch/i.html?_from=R40&_trksid=m570.l1313&_nkw=Assortment+Mara+Mi+Fashion+Endcap&_sacat=0
heyday  Wired In-Ear TPE Earbuds - Whimsical Blue,7.59,37:17.0,https://www.ebay.com/sch/i.html?_from=R40&_trksid=m570.l1313&_nkw=heyday++Wired+In-Ear+TPE+Earbuds+-+Whimsical+Blue&_sacat=0
heyday  Apple iPhone 8/7/6s/6 Case - Orange,9.99,37:30.2,https://www.ebay.com/sch/i.html?_from=R40&_trksid=m570.l1313&_nkw=heyday++Apple+iPhone+8%2F7%2F6s%2F6+Case+-+Orange&_sacat=0
heyday  Apple iPhone 8 Plus/7 Plus/6s Plus/6 Plus Case - Pink,9.99,37:47.3,https://www.ebay.com/sch/i.html?_from=R40&_trksid=p2380057.m570.l1313.TR5.TRC1.A0.H0.Xheyday++Apple+iPhone+8+Plus%2F7+Plus%2F6s+Plus%2F6+Plus+Case+-+Pink.TRS0&_nkw=heyday++Apple+iPhone+8+Plus%2F7+Plus%2F6s+Plus%2F6+Plus+Case+-+Pink&_sacat=0
Jensen Portable CD Player with Bass Boost - Black (CD-60C),14.95,37:59.1,https://www.ebay.com/sch/i.html?_from=R40&_trksid=m570.l1313&_nkw=Jensen+Portable+CD+Player+with+Bass+Boost+-+Black+%28CD-60C%29&_sacat=0
heyday  2-Port USB Car Charger - Coral,24.99,38:12.2,https://www.ebay.com/sch/i.html?_from=R40&_trksid=m570.l1313&_nkw=heyday++2-Port+USB+Car+Charger+-+Coral&_sacat=0
heyday  3' Audio Aux Cable - Pink,5.24,38:26.2,https://www.ebay.com/sch/i.html?_from=R40&_trksid=m570.l1313&_nkw=heyday++3%27+Audio+Aux+Cable+-+Pink&_sacat=0
Zagg Invisibleshield Glass Screen Protection For Apple Watch 44mm - Clear,19.95,38:42.6,https://www.ebay.com/sch/i.html?_from=R40&_trksid=m570.l1313&_nkw=Zagg+Invisibleshield+Glass+Screen+Protection+For+Apple+Watch+44mm+-+Clear&_sacat=0
heyday  Wireless Earbuds - Gray,11.75,38:55.8,https://www.ebay.com/sch/i.html?_from=R40&_trksid=p2380057.m570.l1313.TR11.TRC1.A0.H0.Xheyday++Wireless+Earbuds+-+Gray.TRS0&_nkw=heyday++Wireless+Earbuds+-+Gray&_sacat=0
heyday  Apple iPhone 8/7/6s/6 Print Case - Blurred Floral,9.5,39:16.9,https://www.ebay.com/sch/i.html?_from=R40&_trksid=m570.l1313&_nkw=heyday++Apple+iPhone+8%2F7%2F6s%2F6+Print+Case+-+Blurred+Floral&_sacat=0
Popsockets Popgrip Cell Phone Grip &#38; Stand - Como Se Llama,7.99,39:31.2,https://www.ebay.com/sch/i.html?_from=R40&_trksid=m570.l1313&_nkw=Popsockets+Popgrip+Cell+Phone+Grip+%26%2338%3B+Stand+-+Como+Se+Llama&_sacat=0
heyday  Apple iPhone 8/7/6s/6 Case - Orange,9.99,39:45.7,https://www.ebay.com/sch/i.html?_from=R40&_trksid=m570.l1313&_nkw=heyday++Apple+iPhone+8%2F7%2F6s%2F6+Case+-+Orange&_sacat=0
Speck Apple iPhone 8 Plus/7 Plus/6s Plus/6 Plus Inked Case - Marble Gray,24.0,39:57.5,https://www.ebay.com/sch/i.html?_from=R40&_trksid=m570.l1313&_nkw=Speck+Apple+iPhone+8+Plus%2F7+Plus%2F6s+Plus%2F6+Plus+Inked+Case+-+Marble+Gray&_sacat=0
PopSockets PopGrip Cell Phone Grip & Stand - TXT Me,12.97,40:25.9,https://www.ebay.com/sch/i.html?_from=R40&_trksid=m570.l1313&_nkw=PopSockets+PopGrip+Cell+Phone+Grip+%26+Stand+-+TXT+Me&_sacat=0
PopSockets PopGrip Cell Phone Grip & Stand - You Succulent,8.99,40:58.6,https://www.ebay.com/sch/i.html?_from=R40&_trksid=m570.l1313&_nkw=PopSockets+PopGrip+Cell+Phone+Grip+%26+Stand+-+You+Succulent&_sacat=0
Sonix Apple iPhone 11 Pro Max Clear Coat Case - Southern Floral,7.95,41:26.6,https://www.ebay.com/sch/i.html?_from=R40&_trksid=p2380057.m570.l1313.TR12.TRC2.A0.H0.XSonix+Apple+iPhone+11+Pro+Max+Clear+Coat+Case+-+Southern+Floral.TRS0&_nkw=Sonix+Apple+iPhone+11+Pro+Max+Clear+Coat+Case+-+Southern+Floral&_sacat=0
500ct Standard Paper Clips - Gold - Sugar Paper Essentials™,9.99,41:42.5,https://www.ebay.com/sch/i.html?_from=R40&_trksid=m570.l1313&_nkw=500ct+Standard+Paper+Clips+-+Gold+-+Sugar+Paper+Essentials%E2%84%A2&_sacat=0
"Ematic Low Profile Mount 23-65"" - Black (EMW5105 )",19.99,53:58.1,https://www.ebay.com/sch/i.html?_from=R40&_trksid=m570.l1313&_nkw=Ematic+Low+Profile+Mount+23-65%22+-+Black+%28EMW5105+%29&_sacat=0
Jensen Portable CD Player with Bass Boost - Black (CD-60C),14.95,54:11.7,https://www.ebay.com/sch/i.html?_from=R40&_trksid=p2380057.m570.l1313.TR12.TRC2.A0.H0.XJensen+Portable+CD+Player+with+Bass+Boost+-+Black+%28CD-60C%29.TRS0&_nkw=Jensen+Portable+CD+Player+with+Bass+Boost+-+Black+%28CD-60C%29&_sacat=0
"Ematic Low Profile Mount 23-65"" - Black (EMW5105 )",19.99,54:43.9,https://www.ebay.com/sch/i.html?_from=R40&_trksid=m570.l1313&_nkw=Ematic+Low+Profile+Mount+23-65%22+-+Black+%28EMW5105+%29&_sacat=0
Jensen Portable CD Player with Bass Boost - Black (CD-60C),14.95,54:58.3,https://www.ebay.com/sch/i.html?_from=R40&_trksid=m570.l1313&_nkw=Jensen+Portable+CD+Player+with+Bass+Boost+-+Black+%28CD-60C%29&_sacat=0
"Ematic Low Profile Mount 23-65"" - Black (EMW5105 )",19.99,55:55.2,https://www.ebay.com/sch/i.html?_from=R40&_trksid=m570.l1313&_nkw=Ematic+Low+Profile+Mount+23-65%22+-+Black+%28EMW5105+%29&_sacat=0
Jensen Portable CD Player with Bass Boost - Black (CD-60C),14.95,56:12.0,https://www.ebay.com/sch/i.html?_from=R40&_trksid=m570.l1313&_nkw=Jensen+Portable+CD+Player+with+Bass+Boost+-+Black+%28CD-60C%29&_sacat=0
"Ematic Low Profile Mount 23-65"" - Black (EMW5105 )",19.99,28:19.3,https://www.ebay.com/sch/i.html?_from=R40&_trksid=p2380057.m570.l1313.TR11.TRC1.A0.H0.XEmatic+Low+Profile+Mount+23-65%22+-+Black+%28EMW5105+%29.TRS0&_nkw=Ematic+Low+Profile+Mount+23-65%22+-+Black+%28EMW5105+%29&_sacat=0
Jensen Portable CD Player with Bass Boost - Black (CD-60C),14.95,28:31.7,https://www.ebay.com/sch/i.html?_from=R40&_trksid=m570.l1313&_nkw=Jensen+Portable+CD+Player+with+Bass+Boost+-+Black+%28CD-60C%29&_sacat=0
Judgment Standard Edition Video Game for PlayStation 4 (JM-63244-6),33.99,28:44.1,https://www.ebay.com/sch/i.html?_from=R40&_trksid=m570.l1313&_nkw=Judgment+Standard+Edition+Video+Game+for+PlayStation+4+%28JM-63244-6%29&_sacat=0
New Price Entry Spacer,0.0,31:33.5,www.google.com
"Post-it  Pop-up Note Dispenser, Steel Top, Gray / White",5.0,31:52.9,https://www.ebay.com/sch/i.html?_from=R40&_trksid=m570.l1313&_nkw=Post-it++Pop-up+Note+Dispenser%2C+Steel+Top%2C+Gray+%2F+White&_sacat=0
heyday  Apple iPhone XR Case - Pink,8.75,32:02.9,https://www.ebay.com/sch/i.html?_from=R40&_trksid=m570.l1313&_nkw=heyday++Apple+iPhone+XR+Case+-+Pink&_sacat=0
"Speck 11"" Presidio Balance Folio Case for iPad - Black",10.0,32:14.6,https://www.ebay.com/sch/i.html?_from=R40&_trksid=m570.l1313&_nkw=Speck+11%22+Presidio+Balance+Folio+Case+for+iPad+-+Black&_sacat=0
Mbl Charger Just Wireless Usb-powe,2.47,32:38.1,https://www.ebay.com/sch/i.html?_from=R40&_trksid=m570.l1313&_nkw=Mbl+Charger+Just+Wireless+Usb-powe&_sacat=0
Judgment Standard Edition Video Game for PlayStation 4 (JM-63244-6),33.99,32:50.3,https://www.ebay.com/sch/i.html?_from=R40&_trksid=m570.l1313&_nkw=Judgment+Standard+Edition+Video+Game+for+PlayStation+4+%28JM-63244-6%29&_sacat=0
12ct File Folders - UBrands,5.02,33:00.8,https://www.ebay.com/sch/i.html?_from=R40&_trksid=p2380057.m570.l1313.TR10.TRC0.A0.H0.X12ct+File+Folders+-+UBrands.TRS0&_nkw=12ct+File+Folders+-+UBrands&_sacat=0
Case-Mate Apple iPhone XR/11 Twinkle - Gold,8.45,33:13.3,https://www.ebay.com/sch/i.html?_from=R40&_trksid=m570.l1313&_nkw=Case-Mate+Apple+iPhone+XR%2F11+Twinkle+-+Gold&_sacat=0
New Price Entry Spacer,0.0,52:56.1,www.google.com
Blink Eye Drops for Contact Lenses - .3 fl oz,8.73,53:07.6,https://www.ebay.com/sch/i.html?_from=R40&_trksid=m570.l1313&_nkw=Blink+Eye+Drops+for+Contact+Lenses+-+.3+fl+oz&_sacat=0
Right Guard Total Defense Fresh Blast Clear Gel - 2pk,10.99,53:22.7,https://www.ebay.com/sch/i.html?_from=R40&_trksid=p2380057.m570.l1313.TR11.TRC1.A0.H0.XRight+Guard+Total+Defense+Fresh+Blast+Clear+Gel+-+2pk.TRS0&_nkw=Right+Guard+Total+Defense+Fresh+Blast+Clear+Gel+-+2pk&_sacat=0
Sun Bum 6 oz Sunscreens,11.95,53:39.8,https://www.ebay.com/sch/i.html?_from=R40&_trksid=m570.l1313&_nkw=Sun+Bum+6+oz+Sunscreens&_sacat=0
Unknown,0.0,53:53.9,https://www.ebay.com/sch/i.html?_from=R40&_trksid=m570.l1313&_nkw=Unknown&_sacat=0
Disney Frozen 2 Color and Trace 48-Page Activity Book with 8 Tracing Sheets 46038,10.99,54:07.5,https://www.ebay.com/sch/i.html?_from=R40&_trksid=m570.l1313&_nkw=Disney+Frozen+2+Color+and+Trace+48-Page+Activity+Book+with+8+Tracing+Sheets+46038&_sacat=0
Maze Activity Classroom Pack - 30 Count,1.99,54:35.7,https://www.ebay.com/sch/i.html?_from=R40&_trksid=m570.l1313&_nkw=Maze+Activity+Classroom+Pack+-+30+Count&_sacat=0
Miniature Spring Themed Motivational Decor Doorknob Sign - ''No Rain No Flowers'' - 4.5 x 4.6 Inches,68.52,55:17.0,https://www.ebay.com/sch/i.html?_from=R40&_trksid=m570.l1313&_nkw=Miniature+Spring+Themed+Motivational+Decor+Doorknob+Sign+-+%27%27No+Rain+No+Flowers%27%27+-+4.5+x+4.6+Inches&_sacat=0
Gift Tags with Baker's Twine Included - 30 Count (Cookie),5.86,55:51.1,https://www.ebay.com/sch/i.html?_from=R40&_trksid=m570.l1313&_nkw=Gift+Tags+with+Baker%27s+Twine+Included+-+30+Count+%28Cookie%29&_sacat=0
Gift Tags with Baker's Twine Included - 30 Count (Rainbow),5.86,56:58.8,https://www.ebay.com/sch/i.html?_from=R40&_trksid=m570.l1313&_nkw=Gift+Tags+with+Baker%27s+Twine+Included+-+30+Count+%28Rainbow%29&_sacat=0
Gift Tags with Baker's Twine Included - 30 Count (Bubbles),5.86,57:28.1,https://www.ebay.com/sch/i.html?_from=R40&_trksid=p2380057.m570.l1313.TR12.TRC2.A0.H0.XGift+Tags+with+Baker%27s+Twine+Included+-+30+Count+%28Bubbles%29.TRS0&_nkw=Gift+Tags+with+Baker%27s+Twine+Included+-+30+Count+%28Bubbles%29&_sacat=0
Easter Variety Stand Up Bag  - 20.4oz,17.47,57:57.9,https://www.ebay.com/sch/i.html?_from=R40&_trksid=p2380057.m570.l1313.TR12.TRC2.A0.H0.XEaster+Variety+Stand+Up+Bag++-+20.4oz.TRS0&_nkw=Easter+Variety+Stand+Up+Bag++-+20.4oz&_sacat=0
Teaching Classroom You Did It Reward Certificate Cards - 30 Count,19.5,58:24.0,https://www.ebay.com/sch/i.html?_from=R40&_trksid=p2380057.m570.l1313.TR11.TRC1.A0.H0.XTeaching+Classroom+You+Did+It+Reward+Certificate+Cards+-+30+Count.TRS0&_nkw=Teaching+Classroom+You+Did+It+Reward+Certificate+Cards+-+30+Count&_sacat=0
Teaching Classroom You Did It Reward Coupon Cards - 30 Count,8.99,58:40.5,https://www.ebay.com/sch/i.html?_from=R40&_trksid=m570.l1313&_nkw=Teaching+Classroom+You+Did+It+Reward+Coupon+Cards+-+30+Count&_sacat=0
Plant Growth Tracker Activity Sheet Classroom Pack - 30 Count,6.3,59:14.3,https://www.ebay.com/sch/i.html?_from=R40&_trksid=m570.l1313&_nkw=Plant+Growth+Tracker+Activity+Sheet+Classroom+Pack+-+30+Count&_sacat=0
Sunscreen Sun Bu 6 Floz,11.95,59:48.7,https://www.ebay.com/sch/i.html?_from=R40&_trksid=p2380057.m570.l1313.TR12.TRC2.A0.H0.XSunscreen+Sun+Bu+6+Floz.TRS0&_nkw=Sunscreen+Sun+Bu+6+Floz&_sacat=0
New Price Entry Spacer,0.0,43:36.6,www.google.com
Aduro Aqua Sound Shower Speaker - Black (AS-WSP20-01),11.95,44:19.1,https://www.ebay.com/sch/i.html?_from=R40&_trksid=p2380057.m570.l1313.TR12.TRC2.A0.H0.XAduro+Aqua+Sound+Shower+Speaker+-+Black+%28AS-WSP20-01%29.TRS0&_nkw=Aduro+Aqua+Sound+Shower+Speaker+-+Black+%28AS-WSP20-01%29&_sacat=0
Aduro AquaSound Shower Bluetooth Speaker - Blue AS-WSP20,10.99,44:39.2,https://www.ebay.com/sch/i.html?_from=R40&_trksid=p2380057.m570.l1313.TR12.TRC2.A0.H0.XAduro+AquaSound+Shower+Bluetooth+Speaker+-+Blue+AS-WSP20.TRS0&_nkw=Aduro+AquaSound+Shower+Bluetooth+Speaker+-+Blue+AS-WSP20&_sacat=0
Aduro AQUASound Bluetooth Shower Speaker - Square (AS-WSP20-SQU),0.0,44:51.1,https://www.ebay.com/sch/i.html?_from=R40&_trksid=m570.l1313&_nkw=Aduro+AQUASound+Bluetooth+Shower+Speaker+-+Square+%28AS-WSP20-SQU%29&_sacat=0
Aduro AquaSound Shower Bluetooth Speaker - Black Giraffe (AS-WSP20-GR01),12.99,45:11.9,https://www.ebay.com/sch/i.html?_from=R40&_trksid=m570.l1313&_nkw=Aduro+AquaSound+Shower+Bluetooth+Speaker+-+Black+Giraffe+%28AS-WSP20-GR01%29&_sacat=0
Babyliss Pro Ionic Nano Titanium with Integrated Ion Generator Hair Dryer - Blue - Size: One Size,65.68,45:39.1,https://www.ebay.com/sch/i.html?_from=R40&_trksid=m570.l1313&_nkw=Babyliss+Pro+Ionic+Nano+Titanium+with+Integrated+Ion+Generator+Hair+Dryer+-+Blue+-+Size%3A+One+Size&_sacat=0
SoundBot Bluetooth Portable Speaker - Black (SB571-BLK/BLK),13.69,46:11.3,https://www.ebay.com/sch/i.html?_from=R40&_trksid=p2380057.m570.l1313.TR2.TRC0.A0.H0.XSoundBot+Bluetooth+Portable+Speaker+-+Black+%28SB571-BLK%2FBLK%29.TRS0&_nkw=SoundBot+Bluetooth+Portable+Speaker+-+Black+%28SB571-BLK%2FBLK%29&_sacat=0
Blue Tiger Pro Bluetooth Headset (17-120385),29.99,46:31.2,https://www.ebay.com/sch/i.html?_from=R40&_trksid=m570.l1313&_nkw=Blue+Tiger+Pro+Bluetooth+Headset+%2817-120385%29&_sacat=0
Sony On Ear Wired Stereo Headphones - Black (MDR-ZX110),15.99,46:51.0,https://www.ebay.com/sch/i.html?_from=R40&_trksid=p2380057.m570.l1313.TR1.TRC0.A0.H0.XSony+On+Ear+Wired+Stereo+Headphones+-+Black+%28MDR-ZX110%29.TRS0&_nkw=Sony+On+Ear+Wired+Stereo+Headphones+-+Black+%28MDR-ZX110%29&_sacat=0
Aduro Amplify Pro Stereo Bluetooth Headset - Black/Gray,10.99,47:07.5,https://www.ebay.com/sch/i.html?_from=R40&_trksid=m570.l1313&_nkw=Aduro+Amplify+Pro+Stereo+Bluetooth+Headset+-+Black%2FGray&_sacat=0
BOHM On-Ear Wireless Headphones - Black/Silver (B66BLK),39.99,47:23.2,https://www.ebay.com/sch/i.html?_from=R40&_trksid=m570.l1313&_nkw=BOHM+On-Ear+Wireless+Headphones+-+Black%2FSilver+%28B66BLK%29&_sacat=0
Philips Bluetooth Wireless Portable Speaker Grey/White,22.99,47:36.0,https://www.ebay.com/sch/i.html?_from=R40&_trksid=m570.l1313&_nkw=Philips+Bluetooth+Wireless+Portable+Speaker+Grey%2FWhite&_sacat=0
Active In-Ear Headphones With Remote And Mic - White (EO-EG920LWEGUS),9.45,47:49.6,https://www.ebay.com/sch/i.html?_from=R40&_trksid=p2380057.m570.l1313.TR1.TRC0.A0.H0.XActive+In-Ear+Headphones+With+Remote+And+Mic+-+White+%28EO-EG920LWEGUS%29.TRS0&_nkw=Active+In-Ear+Headphones+With+Remote+And+Mic+-+White+%28EO-EG920LWEGUS%29&_sacat=0
AquaSound Waterproof Bluetooth Portable Speaker - Anchor (AS-WSP20-ANC),8.99,48:11.9,https://www.ebay.com/sch/i.html?_from=R40&_trksid=p2380057.m570.l1313.TR1.TRC0.A0.H0.XAquaSound+Waterproof+Bluetooth+Portable+Speaker+-+Anchor+%28AS-WSP20-ANC%29.TRS0&_nkw=AquaSound+Waterproof+Bluetooth+Portable+Speaker+-+Anchor+%28AS-WSP20-ANC%29&_sacat=0
Aduro Aqua Sound Bluetooth Shower Speaker - Black,12.99,48:31.1,https://www.ebay.com/sch/i.html?_from=R40&_trksid=m570.l1313&_nkw=Aduro+Aqua+Sound+Bluetooth+Shower+Speaker+-+Black&_sacat=0
Aduro Bluetooth Shower Speaker with Mic & Controls - Black Giraffe - 2Pack,12.99,48:50.6,https://www.ebay.com/sch/i.html?_from=R40&_trksid=p2380057.m570.l1313.TR2.TRC1.A0.H0.XAduro+Bluetooth+Shower+Speaker+with+Mic+%26+Controls+-+Black+Giraffe+-+2Pack.TRS0&_nkw=Aduro+Bluetooth+Shower+Speaker+with+Mic+%26+Controls+-+Black+Giraffe+-+2Pack&_sacat=0
Aduro Aqua-Sound Bluetooth Shower Speaker 2 Pack - Purple,12.99,49:06.0,https://www.ebay.com/sch/i.html?_from=R40&_trksid=m570.l1313&_nkw=Aduro+Aqua-Sound+Bluetooth+Shower+Speaker+2+Pack+-+Purple&_sacat=0
Water-Resistant Bluetooth Speaker: Black,20.99,49:18.8,https://www.ebay.com/sch/i.html?_from=R40&_trksid=p2380057.m570.l1313.TR2.TRC0.A0.H0.XWater-Resistant+Bluetooth+Speaker%3A+Black.TRS0&_nkw=Water-Resistant+Bluetooth+Speaker%3A+Black&_sacat=0
Contixo Kb2600 Kids Bluetooth Wireless Headphones Over-Ear Foldable  White,24.99,49:39.7,https://www.ebay.com/sch/i.html?_from=R40&_trksid=m570.l1313&_nkw=Contixo+Kb2600+Kids+Bluetooth+Wireless+Headphones+Over-Ear+Foldable++White&_sacat=0
GPCT Foldable Streamlined Bluetooth Wireless Stereo Headset - Black,29.25,50:02.8,https://www.ebay.com/sch/i.html?_from=R40&_trksid=p2380057.m570.l1313.TR12.TRC2.A0.H0.XGPCT+Foldable+Streamlined+Bluetooth+Wireless+Stereo+Headset+-+Black.TRS0&_nkw=GPCT+Foldable+Streamlined+Bluetooth+Wireless+Stereo+Headset+-+Black&_sacat=0
iSunnao Bluetooth FM Radio Transmitter Car Kit - Black,5.5,50:18.6,https://www.ebay.com/sch/i.html?_from=R40&_trksid=m570.l1313&_nkw=iSunnao+Bluetooth+FM+Radio+Transmitter+Car+Kit+-+Black&_sacat=0
Beats Powerbeats3 Wireless Earphones Neighborhood Collection - Brick Red,45.99,50:34.7,https://www.ebay.com/sch/i.html?_from=R40&_trksid=p2380057.m570.l1313.TR12.TRC2.A0.H0.XBeats+Powerbeats3+Wireless+Earphones+Neighborhood+Collection+-+Brick+Red.TRS0&_nkw=Beats+Powerbeats3+Wireless+Earphones+Neighborhood+Collection+-+Brick+Red&_sacat=0
GPCT Foldable Streamlined Bluetooth Wireless Stereo Headset - Pink,13.83,50:48.0,https://www.ebay.com/sch/i.html?_from=R40&_trksid=m570.l1313&_nkw=GPCT+Foldable+Streamlined+Bluetooth+Wireless+Stereo+Headset+-+Pink&_sacat=0
Philips EverPlay Portable Bluetooth Speaker - Pink (BT3900),49.0,51:06.5,https://www.ebay.com/sch/i.html?_from=R40&_trksid=m570.l1313&_nkw=Philips+EverPlay+Portable+Bluetooth+Speaker+-+Pink+%28BT3900%29&_sacat=0
LAX Gadget Laud Over The Ear Bluetooth Headphones - White,24.99,51:20.2,https://www.ebay.com/sch/i.html?_from=R40&_trksid=p2380057.m570.l1313.TR12.TRC2.A0.H0.XLAX+Gadget+Laud+Over+The+Ear+Bluetooth+Headphones+-+White.TRS0&_nkw=LAX+Gadget+Laud+Over+The+Ear+Bluetooth+Headphones+-+White&_sacat=0
Laud Splash Proof Bluetooth Shower Speaker 2-Pack Blue Camo,13.2,51:39.2,https://www.ebay.com/sch/i.html?_from=R40&_trksid=m570.l1313&_nkw=Laud+Splash+Proof+Bluetooth+Shower+Speaker+2-Pack+Blue+Camo&_sacat=0
Aduro Aqua Sound Bluetooth Shower Speaker: 2-Pack/Floral,12.99,51:54.2,https://www.ebay.com/sch/i.html?_from=R40&_trksid=p2380057.m570.l1313.TR12.TRC2.A0.H0.XAduro+Aqua+Sound+Bluetooth+Shower+Speaker%3A+2-Pack%2FFloral.TRS0&_nkw=Aduro+Aqua+Sound+Bluetooth+Shower+Speaker%3A+2-Pack%2FFloral&_sacat=0
Beats By Dre Powerbeats 3 Wireless In-Ear Headphones - White,48.0,52:08.1,https://www.ebay.com/sch/i.html?_from=R40&_trksid=p2380057.m570.l1313.TR12.TRC2.A0.H0.XBeats+By+Dre+Powerbeats+3+Wireless+In-Ear+Headphones+-+White.TRS0&_nkw=Beats+By+Dre+Powerbeats+3+Wireless+In-Ear+Headphones+-+White&_sacat=0
Dr. Dre Powerbeats 3 Wireless Bluetooth Earbud Headphones  - Black,39.97,52:22.4,https://www.ebay.com/sch/i.html?_from=R40&_trksid=p2380057.m570.l1313.TR4.TRC1.A0.H0.XDr.+Dre+Powerbeats+3+Wireless+Bluetooth+Earbud+Headphones++-+Black.TRS0&_nkw=Dr.+Dre+Powerbeats+3+Wireless+Bluetooth+Earbud+Headphones++-+Black&_sacat=0
Beats by Dre BeatsX Wireless In-Ear Headphones - Black,54.97,52:37.0,https://www.ebay.com/sch/i.html?_from=R40&_trksid=p2380057.m570.l1313.TR12.TRC2.A0.H0.XBeats+by+Dre+BeatsX+Wireless+In-Ear+Headphones+-+Black.TRS0&_nkw=Beats+by+Dre+BeatsX+Wireless+In-Ear+Headphones+-+Black&_sacat=0
Beats by Dre Powerbeats 3 Wireless Bluetooth In-Ear Headphones - Blue,59.99,52:57.9,https://www.ebay.com/sch/i.html?_from=R40&_trksid=m570.l1313&_nkw=Beats+by+Dre+Powerbeats+3+Wireless+Bluetooth+In-Ear+Headphones+-+Blue&_sacat=0
Dre Beats Beatsx Wireless In-Ear Headphones - Blue,37.99,53:16.7,https://www.ebay.com/sch/i.html?_from=R40&_trksid=p2380057.m570.l1313.TR12.TRC2.A0.H0.XDre+Beats+Beatsx+Wireless+In-Ear+Headphones+-+Blue.TRS0&_nkw=Dre+Beats+Beatsx+Wireless+In-Ear+Headphones+-+Blue&_sacat=0
Beats by Dre Powerbeats 3 Wireless Bluetooth In-Ear Headphones - Red,47.5,53:31.8,https://www.ebay.com/sch/i.html?_from=R40&_trksid=p2380057.m570.l1313.TR12.TRC2.A0.H0.XBeats+by+Dre+Powerbeats+3+Wireless+Bluetooth+In-Ear+Headphones+-+Red.TRS0&_nkw=Beats+by+Dre+Powerbeats+3+Wireless+Bluetooth+In-Ear+Headphones+-+Red&_sacat=0
Beats by Dre Powerbeats 3 Wireless Bluetooth In-Ear Headphones - Yellow,59.99,53:50.1,https://www.ebay.com/sch/i.html?_from=R40&_trksid=m570.l1313&_nkw=Beats+by+Dre+Powerbeats+3+Wireless+Bluetooth+In-Ear+Headphones+-+Yellow&_sacat=0
Beats by Dr. Dre Studio 2 Wireless On-Ear Headphones - Black/Red,100.0,54:02.7,https://www.ebay.com/sch/i.html?_from=R40&_trksid=m570.l1313&_nkw=Beats+by+Dr.+Dre+Studio+2+Wireless+On-Ear+Headphones+-+Black%2FRed&_sacat=0
Beats Solo 3 Wireless Bluetooth On-Ear Headphones - Black,149.0,54:25.4,https://www.ebay.com/sch/i.html?_from=R40&_trksid=m570.l1313&_nkw=Beats+Solo+3+Wireless+Bluetooth+On-Ear+Headphones+-+Black&_sacat=0
Beats by Dr. Dre Studio 2 Wireless On-Ear Headphones - Gold,119.0,54:49.2,https://www.ebay.com/sch/i.html?_from=R40&_trksid=m570.l1313&_nkw=Beats+by+Dr.+Dre+Studio+2+Wireless+On-Ear+Headphones+-+Gold&_sacat=0
Refurbished Ultimate Ears Megaboom Portable Wireless Bluetooth Speaker (Refurbished B-Grade) Charcoal,0.0,55:07.9,https://www.ebay.com/sch/i.html?_from=R40&_trksid=p2380057.m570.l1313.TR12.TRC2.A0.H0.XRefurbished+Ultimate+Ears+Megaboom+Portable+Wireless+Bluetooth+Speaker+%28Refurbi.TRS0&_nkw=Refurbished+Ultimate+Ears+Megaboom+Portable+Wireless+Bluetooth+Speaker+%28Refurbished+B-Grade%29+Charcoal&_sacat=0
UE Logitech Megaboom Portable Bluetooth Speaker - Black,99.99,55:21.7,https://www.ebay.com/sch/i.html?_from=R40&_trksid=p2380057.m570.l1313.TR11.TRC1.A0.H0.XUE+Logitech+Megaboom+Portable+Bluetooth+Speaker+-+Black.TRS0&_nkw=UE+Logitech+Megaboom+Portable+Bluetooth+Speaker+-+Black&_sacat=0
South Beach Bluetooth Wireless Speaker Tiki Torch Water Resistant Tabletop/Post  Black Wireless Torch Speaker,40.99,55:36.3,https://www.ebay.com/sch/i.html?_from=R40&_trksid=p2380057.m570.l1313.TR11.TRC1.A0.H0.XSouth+Beach+Bluetooth+Wireless+Speaker+Tiki+Torch+Water+Resistant+Tabletop%2FPost.TRS0&_nkw=South+Beach+Bluetooth+Wireless+Speaker+Tiki+Torch+Water+Resistant+Tabletop%2FPost++Black+Wireless+Torch+Speaker&_sacat=0
POM Gear LN-2 True Wireless Bluetooth 5.0 Earbuds with Microphone - Black,34.99,55:56.5,https://www.ebay.com/sch/i.html?_from=R40&_trksid=m570.l1313&_nkw=POM+Gear+LN-2+True+Wireless+Bluetooth+5.0+Earbuds+with+Microphone+-+Black&_sacat=0
Picassotiles Kid Safe Eye Sleep Mask W/ Built-In Headphones Panda,12.99,56:10.4,https://www.ebay.com/sch/i.html?_from=R40&_trksid=m570.l1313&_nkw=Picassotiles+Kid+Safe+Eye+Sleep+Mask+W%2F+Built-In+Headphones+Panda&_sacat=0
Skullcandy Sesh True Wireless In-Ear Headphones - Black (S2TDW-M003),39.99,56:34.9,https://www.ebay.com/sch/i.html?_from=R40&_trksid=p2380057.m570.l1313.TR12.TRC2.A0.H0.XSkullcandy+Sesh+True+Wireless+In-Ear+Headphones+-+Black+%28S2TDW-M003%29.TRS0&_nkw=Skullcandy+Sesh+True+Wireless+In-Ear+Headphones+-+Black+%28S2TDW-M003%29&_sacat=0
Beats Studio2 Wired Over-ear Noise Cancelling Headphones - Red,199.95,56:53.5,https://www.ebay.com/sch/i.html?_from=R40&_trksid=p2380057.m570.l1313.TR12.TRC2.A0.H0.XBeats+Studio2+Wired+Over-ear+Noise+Cancelling+Headphones+-+Red.TRS0&_nkw=Beats+Studio2+Wired+Over-ear+Noise+Cancelling+Headphones+-+Red&_sacat=0
Beats Studio 2.0 Wired Over-Ear Noise Cancelling Headphones - Blue,189.0,57:06.5,https://www.ebay.com/sch/i.html?_from=R40&_trksid=m570.l1313&_nkw=Beats+Studio+2.0+Wired+Over-Ear+Noise+Cancelling+Headphones+-+Blue&_sacat=0
Motorola VerveBuds 500 True Wireless Bluetooth in-Ear Headphones - Works with Alexa - Black,24.95,57:21.2,https://www.ebay.com/sch/i.html?_from=R40&_trksid=m570.l1313&_nkw=Motorola+VerveBuds+500+True+Wireless+Bluetooth+in-Ear+Headphones+-+Works+with+Alexa+-+Black&_sacat=0
Jarv Active Motion Wireless Bluetooth 5.1 Stereo Earbuds - Red/Black,19.99,57:36.4,https://www.ebay.com/sch/i.html?_from=R40&_trksid=m570.l1313&_nkw=Jarv+Active+Motion+Wireless+Bluetooth+5.1+Stereo+Earbuds+-+Red%2FBlack&_sacat=0
Refurbished Amazon Echo Or Echo Dot 2nd Generation (Refurbished B-Grade) Home Speakers Amazon Echo Dot - Black,0.0,57:51.6,https://www.ebay.com/sch/i.html?_from=R40&_trksid=m570.l1313&_nkw=Refurbished+Amazon+Echo+Or+Echo+Dot+2nd+Generation+%28Refurbished+B-Grade%29+Home+Speakers+Amazon+Echo+Dot+-+Black&_sacat=0
Fisher True Wireless Earbuds With Charging Case Siri Google Assistant Ftw300k Black,49.99,58:05.2,https://www.ebay.com/sch/i.html?_from=R40&_trksid=m570.l1313&_nkw=Fisher+True+Wireless+Earbuds+With+Charging+Case+Siri+Google+Assistant+Ftw300k+Black&_sacat=0
Skullcandy Sesh True Wireless Bluetooth 5.0 Earbuds Red,49.99,58:22.5,https://www.ebay.com/sch/i.html?_from=R40&_trksid=m570.l1313&_nkw=Skullcandy+Sesh+True+Wireless+Bluetooth+5.0+Earbuds+Red&_sacat=0
SkullCandy Indy True Wireless Earbuds - Mint (S255W),59.99,58:40.0,https://www.ebay.com/sch/i.html?_from=R40&_trksid=m570.l1313&_nkw=SkullCandy+Indy+True+Wireless+Earbuds+-+Mint+%28S255W%29&_sacat=0
Zummy Mini Retro Bluetooth Speaker Vintage Wireless Stereo Support Fm Radio Black,12.99,58:59.1,https://www.ebay.com/sch/i.html?_from=R40&_trksid=m570.l1313&_nkw=Zummy+Mini+Retro+Bluetooth+Speaker+Vintage+Wireless+Stereo+Support+Fm+Radio+Black&_sacat=0
Matte True Wireless Earbuds With Charging Case Screen Connect & Touch Controls Black,0.0,59:14.0,https://www.ebay.com/sch/i.html?_from=R40&_trksid=p2380057.m570.l1313.TR12.TRC2.A0.H0.XMatte+True+Wireless+Earbuds+With+Charging+Case+Screen+Connect+%26+Touch+Controls+.TRS0&_nkw=Matte+True+Wireless+Earbuds+With+Charging+Case+Screen+Connect+%26+Touch+Controls+Black&_sacat=0
2boom Tws150 True Wireless Earphones With Charging Case Bluetooth Built-In Mic Blue,30.98,59:31.0,https://www.ebay.com/sch/i.html?_from=R40&_trksid=m570.l1313&_nkw=2boom+Tws150+True+Wireless+Earphones+With+Charging+Case+Bluetooth+Built-In+Mic+Blue&_sacat=0
2boom True Wireless Bluetooth Earphones with Charging Case - Black,13.59,59:45.1,https://www.ebay.com/sch/i.html?_from=R40&_trksid=m570.l1313&_nkw=2boom+True+Wireless+Bluetooth+Earphones+with+Charging+Case+-+Black&_sacat=0
Toshiba Air Pro True Wireless Headphones - Rose Gold (RZE-BT1000),74.99,59:57.8,https://www.ebay.com/sch/i.html?_from=R40&_trksid=m570.l1313&_nkw=Toshiba+Air+Pro+True+Wireless+Headphones+-+Rose+Gold+%28RZE-BT1000%29&_sacat=0
Lax Gadgets Portable Wireless Bluetooth LED Speaker With Disco Lights Green 2-Pack,6.99,00:14.3,https://www.ebay.com/sch/i.html?_from=R40&_trksid=p2380057.m570.l1313.TR12.TRC2.A0.H0.XLax+Gadgets+Portable+Wireless+Bluetooth+LED+Speaker+With+Disco+Lights+Green+2-P.TRS0&_nkw=Lax+Gadgets+Portable+Wireless+Bluetooth+LED+Speaker+With+Disco+Lights+Green+2-Pack&_sacat=0
Skullcandy Indy True Wireless Earbuds Pink,59.99,00:27.0,https://www.ebay.com/sch/i.html?_from=R40&_trksid=p2380057.m570.l1313.TR12.TRC2.A0.H0.XSkullcandy+Indy+True+Wireless+Earbuds+Pink.TRS0&_nkw=Skullcandy+Indy+True+Wireless+Earbuds+Pink&_sacat=0
Vibes Air Wireless Headphones Lightweight Stereo Noise-Cancelling Earbuds White,14.99,00:36.2,https://www.ebay.com/sch/i.html?_from=R40&_trksid=m570.l1313&_nkw=Vibes+Air+Wireless+Headphones+Lightweight+Stereo+Noise-Cancelling+Earbuds+White&_sacat=0
Aduro AQUA Sound Bluetooth Shower Speaker with Mic and Controls Emoji 2 Pack,14.99,00:50.7,https://www.ebay.com/sch/i.html?_from=R40&_trksid=p2380057.m570.l1313.TR12.TRC2.A0.H0.XAduro+AQUA+Sound+Bluetooth+Shower+Speaker+with+Mic+and+Controls+Emoji+2+Pack.TRS0&_nkw=Aduro+AQUA+Sound+Bluetooth+Shower+Speaker+with+Mic+and+Controls+Emoji+2+Pack&_sacat=0
New Price Entry Spacer,0.0,40:48.7,www.google.com
New Price Entry Spacer,0.0,06:58.9,www.google.com
New Price Entry Spacer,0.0,13:14.1,www.google.com
Pioneer Pro DJ DJ Controller (DDJ-SX3)	1,899.95,13:29.9,https://www.ebay.com/sch/i.html?_from=R40&_trksid=m570.l1313&_nkw=Pioneer+Pro+DJ+DJ+Controller+%28DDJ-SX3%29&_sacat=0
Jean Paul USA AS-400 Student Alto Saxophone	1,489.95,13:42.6,https://www.ebay.com/sch/i.html?_from=R40&_trksid=m570.l1313&_nkw=Jean+Paul+USA+AS-400+Student+Alto+Saxophone&_sacat=0
New Price Entry Spacer,0.0,24:09.4,www.google.com
"AMD Ryzen 7 3800X 8-Core, 16-Thread Unlocked Desktop Processor with Wraith Prism LED Cooler	1",316.99,24:27.3,https://www.ebay.com/sch/i.html?_from=R40&_trksid=p2380057.m570.l1313.TR12.TRC2.A0.H0.XAMD+Ryzen+7+3800X+8-Core%2C+16-Thread+Unlocked+Desktop+Processor+with+Wraith+Pris.TRS0&_nkw=AMD+Ryzen+7+3800X+8-Core%2C+16-Thread+Unlocked+Desktop+Processor+with+Wraith+Prism+LED+Cooler&_sacat=0
MSI MEG Z390 ACE LGA1151 (Intel 8th & 9th Gen) M.2 USB 3.1 Gen 2 DDR4 Wi-Fi SLI CFX ATX Gaming Motherboard	1,147.0,24:40.4,https://www.ebay.com/sch/i.html?_from=R40&_trksid=p2380057.m570.l1313.TR12.TRC2.A0.H0.XMSI+MEG+Z390+ACE+LGA1151+%28Intel+8th+%26+9th+Gen%29+M.2+USB+3.1+Gen+2+DDR4+Wi-Fi+SLI.TRS0&_nkw=MSI+MEG+Z390+ACE+LGA1151+%28Intel+8th+%26+9th+Gen%29+M.2+USB+3.1+Gen+2+DDR4+Wi-Fi+SLI+CFX+ATX+Gaming+Motherboard&_sacat=0
"AMD Ryzen 7 3700X 8-Core, 16-Thread Unlocked Desktop Processor with Wraith Prism LED Cooler	1",269.99,24:55.4,https://www.ebay.com/sch/i.html?_from=R40&_trksid=m570.l1313&_nkw=AMD+Ryzen+7+3700X+8-Core%2C+16-Thread+Unlocked+Desktop+Processor+with+Wraith+Prism+LED+Cooler&_sacat=0
MSI Performance Gaming AMD Ryzen 1st and 2nd Gen AM4 M.2 USB 3 DDR4 HDMI Display Port WiFi Crossfire ATX Motherboard	1,31.0,25:11.8,https://www.ebay.com/sch/i.html?_from=R40&_trksid=p2380057.m570.l1313.TR2.TRC1.A0.H0.XMSI+Performance+Gaming+AMD+Ryzen+1st+and+2nd+Gen+AM4+M.2+USB+3+DDR4+HDMI+Displa.TRS0&_nkw=MSI+Performance+Gaming+AMD+Ryzen+1st+and+2nd+Gen+AM4+M.2+USB+3+DDR4+HDMI+Display+Port+WiFi+Crossfire+ATX+Motherboard&_sacat=0
Gigabyte Z390 AORUS PRO WiFi (Intel LGA1151/Z390/ATX/2xM.2 Thermal Guard/Onboard AC Wi-Fi/RGB Fusion/Gaming Motherboard)	1,100.0,25:28.0,https://www.ebay.com/sch/i.html?_from=R40&_trksid=p2380057.m570.l1313.TR12.TRC2.A0.H0.XGigabyte+Z390+AORUS+PRO+WiFi+%28Intel+LGA1151%2FZ390%2FATX%2F2xM.2+Thermal+Guard%2FOnboar.TRS0&_nkw=Gigabyte+Z390+AORUS+PRO+WiFi+%28Intel+LGA1151%2FZ390%2FATX%2F2xM.2+Thermal+Guard%2FOnboard+AC+Wi-Fi%2FRGB+Fusion%2FGaming+Motherboard%29&_sacat=0
"NVIDIA SHIELD Android TV Pro 4K HDR Streaming Media Player, High Performance, Dolby Vision, 3GB RAM, 2x USB, Works with Alexa	1",290.0,25:42.3,https://www.ebay.com/sch/i.html?_from=R40&_trksid=m570.l1313&_nkw=NVIDIA+SHIELD+Android+TV+Pro+4K+HDR+Streaming+Media+Player%2C+High+Performance%2C+Dolby+Vision%2C+3GB+RAM%2C+2x+USB%2C+Works+with+Alexa&_sacat=0
"ASUS AM4 TUF Gaming X570-Plus (Wi-Fi) ATX Motherboard with PCIe 4.0, Dual M.2, 12+2 with Dr. MOS Power Stage, HDMI, DP, SATA 6Gb/s, USB 3.2 Gen 2 and Aura Sync RGB Lighting	1",224.99,25:57.3,https://www.ebay.com/sch/i.html?_from=R40&_trksid=m570.l1313&_nkw=ASUS+AM4+TUF+Gaming+X570-Plus+%28Wi-Fi%29+ATX+Motherboard+with+PCIe+4.0%2C+Dual+M.2%2C+12%2B2+with+Dr.+MOS+Power+Stage%2C+HDMI%2C+DP%2C+SATA+6Gb%2Fs%2C+USB+3.2+Gen+2+and+Aura+Sync+RGB+Lighting&_sacat=0
"Plantronics Voyager 5200 Wireless Bluetooth Headset - Compatible with iPhone, Android (203500103)	1",48.37,26:08.9,https://www.ebay.com/sch/i.html?_from=R40&_trksid=m570.l1313&_nkw=Plantronics+Voyager+5200+Wireless+Bluetooth+Headset+-+Compatible+with+iPhone%2C+Android+%28203500103%29&_sacat=0
MSI Arsenal Gaming AMD Ryzen 2ND and 3rd Gen AM4 M.2 USB 3 DDR4 DVI HDMI Crossfire ATX Motherboard (B450 Tomahawk Max)	1,137.0,26:21.4,https://www.ebay.com/sch/i.html?_from=R40&_trksid=m570.l1313&_nkw=MSI+Arsenal+Gaming+AMD+Ryzen+2ND+and+3rd+Gen+AM4+M.2+USB+3+DDR4+DVI+HDMI+Crossfire+ATX+Motherboard+%28B450+Tomahawk+Max%29&_sacat=0
Sony BDPS3700 Streaming Blu-Ray Disc Player with Wi-Fi (2016 Canada Model)	1,74.0,26:35.8,https://www.ebay.com/sch/i.html?_from=R40&_trksid=m570.l1313&_nkw=Sony+BDPS3700+Streaming+Blu-Ray+Disc+Player+with+Wi-Fi+%282016+Canada+Model%29&_sacat=0
"HAVIT Rainbow Backlit Wired Gaming Keyboard and Mouse Combo (Keyboard, Mouse, Headset and Mousepad Combo)	1",74.95,26:48.7,https://www.ebay.com/sch/i.html?_from=R40&_trksid=m570.l1313&_nkw=HAVIT+Rainbow+Backlit+Wired+Gaming+Keyboard+and+Mouse+Combo+%28Keyboard%2C+Mouse%2C+Headset+and+Mousepad+Combo%29&_sacat=0
"HyperX Alloy FPS Pro Tenkeyless Mechanical Gaming Keyboard, Cherry MX Red, Red LED (HX-KB4RD1-US/R1)	1",23.5,27:04.9,https://www.ebay.com/sch/i.html?_from=R40&_trksid=m570.l1313&_nkw=HyperX+Alloy+FPS+Pro+Tenkeyless+Mechanical+Gaming+Keyboard%2C+Cherry+MX+Red%2C+Red+LED+%28HX-KB4RD1-US%2FR1%29&_sacat=0
"Sony BDPS1700 Wired Streaming Blu-Ray Disc Player (2016 Canada Model), Black	1",37.06,27:17.3,https://www.ebay.com/sch/i.html?_from=R40&_trksid=m570.l1313&_nkw=Sony+BDPS1700+Wired+Streaming+Blu-Ray+Disc+Player+%282016+Canada+Model%29%2C+Black&_sacat=0
Creative Sound Blaster Audigy FX 5.1 Sound Card SB1570	1,39.99,27:32.9,https://www.ebay.com/sch/i.html?_from=R40&_trksid=p2380057.m570.l1313.TR11.TRC1.A0.H0.XCreative+Sound+Blaster+Audigy+FX+5.1+Sound+Card+SB1570.TRS0&_nkw=Creative+Sound+Blaster+Audigy+FX+5.1+Sound+Card+SB1570&_sacat=0
,,,
New Price Entry Spacer,0.0,46:43.4,www.google.com
16	,0.0,46:52.0,https://www.ebay.com/sch/i.html?_from=R40&_trksid=m570.l1313&_nkw=16&_sacat=0
New Price Entry Spacer,0.0,57:20.5,www.google.com
New Price Entry Spacer,0.0,49:36.4,www.google.com
New Price Entry Spacer,0.0,08:46.6,www.google.com
New Price Entry Spacer,0.0,13:32.2,www.google.com
New Price Entry Spacer,0.0,43:37.4,www.google.com
"NETGEAR Nighthawk X4S Smart WiFi Router (R7800) - AC2600 Wireless Speed (up to 2600 Mbps) Up to 2500 sq ft Coverage & 45 Devices 4 x 1G Ethernet, 2 x 3.0 USB, and 1 x eSATA ports	1",0.0,43:55.1,https://www.ebay.com/sch/i.html?_from=R40&_trksid=m570.l1313&_nkw=NETGEAR+Nighthawk+X4S+Smart+WiFi+Router+%28R7800%29+-+AC2600+Wireless+Speed+%28up+to+2600+Mbps%29+Up+to+2500+sq+ft+Coverage+%26+45+Devices+4+x+1G+Ethernet%2C+2+x+3.0+USB%2C+and+1+x+eSATA+ports&_sacat=0
Turtle Beach Stealth 700 Premium Wireless Surround Sound Gaming Headset - Xbox One	1,293.99,44:13.5,https://www.ebay.com/sch/i.html?_from=R40&_trksid=m570.l1313&_nkw=Turtle+Beach+Stealth+700+Premium+Wireless+Surround+Sound+Gaming+Headset+-+Xbox+One&_sacat=0
"Audio-Technica ATH-M50x Professional Studio Monitor Headphones, Black, Professional Grade, Critically Acclaimed, With Detachable Cable	1",169.99,44:28.7,https://www.ebay.com/sch/i.html?_from=R40&_trksid=m570.l1313&_nkw=Audio-Technica+ATH-M50x+Professional+Studio+Monitor+Headphones%2C+Black%2C+Professional+Grade%2C+Critically+Acclaimed%2C+With+Detachable+Cable&_sacat=0
"BeatsX Wireless Earphones - Apple W1 Headphone Chip, Class 1 Bluetooth, 8 Hours Of Listening Time - Black	1",39.99,44:40.9,https://www.ebay.com/sch/i.html?_from=R40&_trksid=m570.l1313&_nkw=BeatsX+Wireless+Earphones+-+Apple+W1+Headphone+Chip%2C+Class+1+Bluetooth%2C+8+Hours+Of+Listening+Time+-+Black&_sacat=0
New Price Entry Spacer,0.0,42:24.7,www.google.com
"TCL 43S425-CA 4K Ultra HD Smart LED Television (2019), 43""	1",280.0,42:45.0,https://www.ebay.com/sch/i.html?_from=R40&_trksid=p2380057.m570.l1313.TR11.TRC1.A0.H0.XTCL+43S425-CA+4K+Ultra+HD+Smart+LED+Television+%282019%29%2C+43%22.TRS0&_nkw=TCL+43S425-CA+4K+Ultra+HD+Smart+LED+Television+%282019%29%2C+43%22&_sacat=0
Sony X800G 49 Inch TV: 4K Ultra HD Smart LED TV with HDR and Alexa Compatibility - 2019 Model	1,349.99,43:02.2,https://www.ebay.com/sch/i.html?_from=R40&_trksid=p2380057.m570.l1313.TR8.TRC1.A0.H0.XSony+X800G+49+Inch+TV%3A+4K+Ultra+HD+Smart+LED+TV+with+HDR+and+Alexa+Compatibilit.TRS0&_nkw=Sony+X800G+49+Inch+TV%3A+4K+Ultra+HD+Smart+LED+TV+with+HDR+and+Alexa+Compatibility+-+2019+Model&_sacat=0
"Samsung UN43N5300AFXZC 43"" 1080p Full HD Smart LED TV (2018), Glossy Black [Canada Version]	1",363.25,43:18.9,https://www.ebay.com/sch/i.html?_from=R40&_trksid=m570.l1313&_nkw=Samsung+UN43N5300AFXZC+43%22+1080p+Full+HD+Smart+LED+TV+%282018%29%2C+Glossy+Black+%5BCanada+Version%5D&_sacat=0
"TCL 40S325-CA 1080p Smart LED Television (2019), 40""	1",234.99,43:34.1,https://www.ebay.com/sch/i.html?_from=R40&_trksid=m570.l1313&_nkw=TCL+40S325-CA+1080p+Smart+LED+Television+%282019%29%2C+40%22&_sacat=0
Proscan PLEDV2488A 24-Inch LED HD TV with Built-in DVD Player	1,149.99,43:53.9,https://www.ebay.com/sch/i.html?_from=R40&_trksid=m570.l1313&_nkw=Proscan+PLEDV2488A+24-Inch+LED+HD+TV+with+Built-in+DVD+Player&_sacat=0
New Price Entry Spacer,0.0,53:07.0,www.google.com
New Price Entry Spacer,0.0,46:47.4,www.google.com
New Price Entry Spacer,0.0,56:22.5,www.google.com
Unlocked Apple iPhone 8 64GB,214.98,56:42.7,https://www.ebay.com/sch/i.html?_from=R40&_trksid=p2380057.m570.l1313.TR11.TRC1.A0.H0.XUnlocked+Apple+iPhone+8+64GB.TRS0&_nkw=Unlocked+Apple+iPhone+8+64GB&_sacat=0
Unlocked Apple iPhone 7 Plus 256GB,209.89,56:59.3,https://www.ebay.com/sch/i.html?_from=R40&_trksid=m570.l1313&_nkw=Unlocked+Apple+iPhone+7+Plus+256GB&_sacat=0
Unlocked Apple iPhone 7 32GB,154.99,57:17.6,https://www.ebay.com/sch/i.html?_from=R40&_trksid=p2380057.m570.l1313.TR11.TRC1.A0.H0.XUnlocked+Apple+iPhone+7+32GB.TRS0&_nkw=Unlocked+Apple+iPhone+7+32GB&_sacat=0
Unlocked Apple iPhone 6S 64GB & 32GB,94.99,57:33.7,https://www.ebay.com/sch/i.html?_from=R40&_trksid=p2380057.m570.l1313.TR11.TRC1.A0.H0.XUnlocked+Apple+iPhone+6S+64GB+%26+32GB.TRS0&_nkw=Unlocked+Apple+iPhone+6S+64GB+%26+32GB&_sacat=0
Unlocked Apple iPhone 6 64GB & 16GB,138.0,57:50.7,https://www.ebay.com/sch/i.html?_from=R40&_trksid=p2380057.m570.l1313.TR11.TRC1.A0.H0.XUnlocked+Apple+iPhone+6+64GB+%26+16GB.TRS0&_nkw=Unlocked+Apple+iPhone+6+64GB+%26+16GB&_sacat=0
New Price Entry Spacer,0.0,24:27.9,www.google.com
iphone 8,294.99,08:55.8,https://www.ebay.com/sch/i.html?_from=R40&_trksid=p2380057.m570.l1313.TR12.TRC2.A0.H0.Xiphone+8.TRS0&_nkw=iphone+8&_sacat=0
iphone 7,129.99,09:15.0,https://www.ebay.com/sch/i.html?_from=R40&_trksid=p2380057.m570.l1313.TR12.TRC2.A0.H0.Xiphone+7.TRS0&_nkw=iphone+7&_sacat=0
SONY XBR85X950G TV,1525.0,12:40.5,https://www.ebay.com/sch/i.html?_from=R40&_trksid=p2380057.m570.l1313.TR12.TRC2.A0.H0.XSONY+XBR85X950G+TV.TRS0&_nkw=SONY+XBR85X950G+TV&_sacat=0
SONY XBR85X850G TV,1899.99,12:56.9,https://www.ebay.com/sch/i.html?_from=R40&_trksid=p2380057.m570.l1313.TR12.TRC2.A0.H0.XSONY+XBR85X850G+TV.TRS0&_nkw=SONY+XBR85X850G+TV&_sacat=0
Aduro USB to Lightning Charge & Sync Cable for Apple Devices - Pink/White,6.3,11:31.1,https://www.ebay.com/sch/i.html?_from=R40&_trksid=m570.l1313&_nkw=Aduro+USB+to+Lightning+Charge+%26+Sync+Cable+for+Apple+Devices+-+Pink%2FWhite&_sacat=0
Faly Clear Tempered Glass Screen Protector for iPhone 6/6s - Pack of 2,3.29,11:42.9,https://www.ebay.com/sch/i.html?_from=R40&_trksid=m570.l1313&_nkw=Faly+Clear+Tempered+Glass+Screen+Protector+for+iPhone+6%2F6s+-+Pack+of+2&_sacat=0
Fally Apple Watch Silicone Sport Band 42mm - Black/Blue,2.49,12:03.8,https://www.ebay.com/sch/i.html?_from=R40&_trksid=p2380057.m570.l1313.TR12.TRC2.A0.H0.XFally+Apple+Watch+Silicone+Sport+Band+42mm+-+Black%2FBlue.TRS0&_nkw=Fally+Apple+Watch+Silicone+Sport+Band+42mm+-+Black%2FBlue&_sacat=0
Qtip Cotton Swab Dispenser Holder - Acrylic Apothecary Vanity countertop Organizer Box Jars for qtips Bobby pins toothpicks Cotton Balls & Any Small Health Beauty Bathroom Accessories Items Holder!,12.99,12:21.2,https://www.ebay.com/sch/i.html?_from=R40&_trksid=m570.l1313&_nkw=Qtip+Cotton+Swab+Dispenser+Holder+-+Acrylic+Apothecary+Vanity+countertop+Organizer+Box+Jars+for+qtips+Bobby+pins+toothpicks+Cotton+Balls+%26+Any+Small+Health+Beauty+Bathroom+Accessories+Items+Holder%21&_sacat=0
Metallix Apple-Certified Lightning Charger Cable: 10Ft/1-Pack/Gold,14.99,12:40.5,https://www.ebay.com/sch/i.html?_from=R40&_trksid=m570.l1313&_nkw=Metallix+Apple-Certified+Lightning+Charger+Cable%3A+10Ft%2F1-Pack%2FGold&_sacat=0
Waloo Silicone Textured Case For Iphone Xs Max - Black,77.02,12:55.8,https://www.ebay.com/sch/i.html?_from=R40&_trksid=m570.l1313&_nkw=Waloo+Silicone+Textured+Case+For+Iphone+Xs+Max+-+Black&_sacat=0
Tpu Bumper Clear Case With Tempered Glass Screen Protector For Iphone Clear Single Iphone 11 Pro,7.99,13:12.6,https://www.ebay.com/sch/i.html?_from=R40&_trksid=m570.l1313&_nkw=Tpu+Bumper+Clear+Case+With+Tempered+Glass+Screen+Protector+For+Iphone+Clear+Single+Iphone+11+Pro&_sacat=0
HiFuture BassBuds True Wireless Bluetooth Earbuds with Case - White,27.19,13:32.0,https://www.ebay.com/sch/i.html?_from=R40&_trksid=m570.l1313&_nkw=HiFuture+BassBuds+True+Wireless+Bluetooth+Earbuds+with+Case+-+White&_sacat=0
Ares Full Body Bumper Cover With Built In Screen Protector For The New Iphone Blue Iphone Xs Max,2.87,13:53.0,https://www.ebay.com/sch/i.html?_from=R40&_trksid=m570.l1313&_nkw=Ares+Full+Body+Bumper+Cover+With+Built+In+Screen+Protector+For+The+New+Iphone+Blue+Iphone+Xs+Max&_sacat=0
Playtek Bubble Blaster: Bubble In A Bubble,4.04,14:03.4,https://www.ebay.com/sch/i.html?_from=R40&_trksid=m570.l1313&_nkw=Playtek+Bubble+Blaster%3A+Bubble+In+A+Bubble&_sacat=0
Playtek Bubble Blaster: Transparent Galaxy,9.97,14:18.2,https://www.ebay.com/sch/i.html?_from=R40&_trksid=m570.l1313&_nkw=Playtek+Bubble+Blaster%3A+Transparent+Galaxy&_sacat=0
"Motorola Video Baby Monitor 5 Color Parent Unit, Remote Pan/Tilt/Zoom, Portable Rechargeable Camera, Two-Way Audio, Night Vision, 5 Lullabies, MBP36XL",114.99,14:34.4,https://www.ebay.com/sch/i.html?_from=R40&_trksid=p2380057.m570.l1313.TR2.TRC1.A0.H0.XMotorola+Video+Baby+Monitor+5+Color+Parent+Unit%2C+Remote+Pan%2FTilt%2FZoom%2C+Portable.TRS0&_nkw=Motorola+Video+Baby+Monitor+5+Color+Parent+Unit%2C+Remote+Pan%2FTilt%2FZoom%2C+Portable+Rechargeable+Camera%2C+Two-Way+Audio%2C+Night+Vision%2C+5+Lullabies%2C+MBP36XL&_sacat=0
"1296P HD Police Body Camera,64G Memory,CammPro Premium Portable Body Camera,Waterproof Body-Worn Camera with 2 Inch Display,Night Vision,GPS for Law Enforcement Recorder,Security Guards,Personal Use",182.89,14:51.7,https://www.ebay.com/sch/i.html?_from=R40&_trksid=m570.l1313&_nkw=1296P+HD+Police+Body+Camera%2C64G+Memory%2CCammPro+Premium+Portable+Body+Camera%2CWaterproof+Body-Worn+Camera+with+2+Inch+Display%2CNight+Vision%2CGPS+for+Law+Enforcement+Recorder%2CSecurity+Guards%2CPersonal+Use&_sacat=0
"NETGEAR WiFi Range Extender EX6120 - Coverage up to 1200 sq.ft. and 20 devices with AC1200 Dual Band Wireless Signal Booster & Repeater (up to 1200Mbps speed), and Compact Wall Plug Design",0.0,15:12.0,https://www.ebay.com/sch/i.html?_from=R40&_trksid=p2380057.m570.l1313.TR11.TRC1.A0.H0.XNETGEAR+WiFi+Range+Extender+EX6120+-+Coverage+up+to+1200+sq.ft.+and+20+devices+.TRS0&_nkw=NETGEAR+WiFi+Range+Extender+EX6120+-+Coverage+up+to+1200+sq.ft.+and+20+devices+with+AC1200+Dual+Band+Wireless+Signal+Booster+%26+Repeater+%28up+to+1200Mbps+speed%29%2C+and+Compact+Wall+Plug+Design&_sacat=0
"PANASONIC Expandable Cordless Phone System with Link2Cell Bluetooth, Voice Assistant, Answering Machine and Call Blocking - 4 Cordless Handsets - KX-TGD564M (Metallic Black)",0.0,15:46.9,https://www.ebay.com/sch/i.html?_from=R40&_trksid=m570.l1313&_nkw=PANASONIC+Expandable+Cordless+Phone+System+with+Link2Cell+Bluetooth%2C+Voice+Assistant%2C+Answering+Machine+and+Call+Blocking+-+4+Cordless+Handsets+-+KX-TGD564M+%28Metallic+Black%29&_sacat=0
Xbox Wireless Controller - Grey And Blue,64.99,16:09.0,https://www.ebay.com/sch/i.html?_from=R40&_trksid=p2380057.m570.l1313.TR12.TRC2.A0.H0.XXbox+Wireless+Controller+-+Grey+And+Blue.TRS0&_nkw=Xbox+Wireless+Controller+-+Grey+And+Blue&_sacat=0
"MOTOROLA MG7315 8x4 Cable Modem Plus N450 Single Band Wi-Fi Gigabit Router with Power Boost, 343 Mbps Maximum DOCSIS 3.0 - Approved by Comcast Xfinity, Cox, Charter Spectrum",27.0,16:38.5,https://www.ebay.com/sch/i.html?_from=R40&_trksid=m570.l1313&_nkw=MOTOROLA+MG7315+8x4+Cable+Modem+Plus+N450+Single+Band+Wi-Fi+Gigabit+Router+with+Power+Boost%2C+343+Mbps+Maximum+DOCSIS+3.0+-+Approved+by+Comcast+Xfinity%2C+Cox%2C+Charter+Spectrum&_sacat=0
Assorted Office and Electronics,19.99,16:57.0,https://www.ebay.com/sch/i.html?_from=R40&_trksid=m570.l1313&_nkw=Assorted+Office+and+Electronics&_sacat=0
Otterbox Defender Iphone 6/6s Case - Frustration Free Packaging - Black,71.24,17:15.6,https://www.ebay.com/sch/i.html?_from=R40&_trksid=p2380057.m570.l1313.TR11.TRC1.A0.H0.XOtterbox+Defender+Iphone+6%2F6s+Case+-+Frustration+Free+Packaging+-+Black.TRS0&_nkw=Otterbox+Defender+Iphone+6%2F6s+Case+-+Frustration+Free+Packaging+-+Black&_sacat=0
Lifeproof FRĒ Series Waterproof Case for Samsung Galaxy S9 - Retail Packaging - Chakra (Rose/Fusion Coral/Royal Lilac),0.0,17:31.7,https://www.ebay.com/sch/i.html?_from=R40&_trksid=p2380057.m570.l1313.TR12.TRC2.A0.H0.XLifeproof+FR%C4%92+Series+Waterproof+Case+for+Samsung+Galaxy+S9+-+Retail+Packaging+-.TRS0&_nkw=Lifeproof+FR%C4%92+Series+Waterproof+Case+for+Samsung+Galaxy+S9+-+Retail+Packaging+-+Chakra+%28Rose%2FFusion+Coral%2FRoyal+Lilac%29&_sacat=0
"Bluetooth Speakers, Bugani M83 Waterproof Outdoor Speakers Bluetooth 5.0, 40W Wireless Stereo Pairing Booming Bass Speaker, 2400 Minutes Playtime with Charge Your Phone, for Home Party, Camping, Gym.",0.0,17:52.9,https://www.ebay.com/sch/i.html?_from=R40&_trksid=p2380057.m570.l1313.TR12.TRC2.A0.H0.XBluetooth+Speakers%2C+Bugani+M83+Waterproof+Outdoor+Speakers+Bluetooth+5.0%2C+40W+W.TRS0&_nkw=Bluetooth+Speakers%2C+Bugani+M83+Waterproof+Outdoor+Speakers+Bluetooth+5.0%2C+40W+Wireless+Stereo+Pairing+Booming+Bass+Speaker%2C+2400+Minutes+Playtime+with+Charge+Your+Phone%2C+for+Home+Party%2C+Camping%2C+Gym.&_sacat=0
"DYMO Label Maker with 3 Bonus Labeling Tapes LetraTag 100H Handheld Label Maker & LT Label Tapes, Easy-to-Use, Great for Home & Office Organization",39.69,18:16.3,https://www.ebay.com/sch/i.html?_from=R40&_trksid=p2380057.m570.l1313.TR12.TRC2.A0.H0.XDYMO+Label+Maker+with+3+Bonus+Labeling+Tapes+LetraTag+100H+Handheld+Label+Maker.TRS0&_nkw=DYMO+Label+Maker+with+3+Bonus+Labeling+Tapes+LetraTag+100H+Handheld+Label+Maker+%26+LT+Label+Tapes%2C+Easy-to-Use%2C+Great+for+Home+%26+Office+Organization&_sacat=0
ZAGG InvisibleShield Ultra Clear Plus - Film Screen Protector - Made for Samsung Galaxy S20 Plus - Case Friendly (200204837),5.98,18:40.6,https://www.ebay.com/sch/i.html?_from=R40&_trksid=p2380057.m570.l1313.TR11.TRC1.A0.H0.XZAGG+InvisibleShield+Ultra+Clear+Plus+-+Film+Screen+Protector+-+Made+for+Samsun.TRS0&_nkw=ZAGG+InvisibleShield+Ultra+Clear+Plus+-+Film+Screen+Protector+-+Made+for+Samsung+Galaxy+S20+Plus+-+Case+Friendly+%28200204837%29&_sacat=0
"Speck Products Presidio Stay Clear iPhone 11 Case, Clear/Clear",51.0,19:03.1,https://www.ebay.com/sch/i.html?_from=R40&_trksid=m570.l1313&_nkw=Speck+Products+Presidio+Stay+Clear+iPhone+11+Case%2C+Clear%2FClear&_sacat=0
Fortnite: Darkfire Bundle - Xbox One (Disc Not Included),0.0,19:33.1,https://www.ebay.com/sch/i.html?_from=R40&_trksid=p2380057.m570.l1313.TR12.TRC2.A0.H0.XFortnite%3A+Darkfire+Bundle+-+Xbox+One+%28Disc+Not+Included%29.TRS0&_nkw=Fortnite%3A+Darkfire+Bundle+-+Xbox+One+%28Disc+Not+Included%29&_sacat=0
The Hits (180 Gram Platinum Swirl Audiophile Vinyl/Limited Edition/Gatefold Cover),0.0,19:48.4,https://www.ebay.com/sch/i.html?_from=R40&_trksid=m570.l1313&_nkw=The+Hits+%28180+Gram+Platinum+Swirl+Audiophile+Vinyl%2FLimited+Edition%2FGatefold+Cover%29&_sacat=0
Love And Hate [2 LP],15.0,19:59.5,https://www.ebay.com/sch/i.html?_from=R40&_trksid=p2380057.m570.l1313.TR12.TRC2.A0.H0.XLove+And+Hate+%5B2+LP%5D.TRS0&_nkw=Love+And+Hate+%5B2+LP%5D&_sacat=0
"Pico Projector - Artlii 2020 New Mini Projector, Color LED Pico Projector for Cartoon, Movie, Kids Gift, Compatible with HDMI USB Laptop Video Games",59.99,20:34.8,https://www.ebay.com/sch/i.html?_from=R40&_trksid=m570.l1313&_nkw=Pico+Projector+-+Artlii+2020+New+Mini+Projector%2C+Color+LED+Pico+Projector+for+Cartoon%2C+Movie%2C+Kids+Gift%2C+Compatible+with+HDMI+USB+Laptop+Video+Games&_sacat=0
Miss Machine [Vinyl],24.99,21:14.1,https://www.ebay.com/sch/i.html?_from=R40&_trksid=m570.l1313&_nkw=Miss+Machine+%5BVinyl%5D&_sacat=0
"Finishing Touch Flawless Women's Painless Hair Remover , White/Rose Gold",14.99,21:42.2,https://www.ebay.com/sch/i.html?_from=R40&_trksid=m570.l1313&_nkw=Finishing+Touch+Flawless+Women%27s+Painless+Hair+Remover+%2C+White%2FRose+Gold&_sacat=0
"2.5"" 1TB/2TB Ultra Slim Portable External Hard Drive USB3.0 HDD Storage for PC, Mac, Desktop, Laptop, MacBook, Chromebook, Xbox One, Xbox 360, PS4 (2TB, Blue)",0.0,22:09.4,https://www.ebay.com/sch/i.html?_from=R40&_trksid=m570.l1313&_nkw=2.5%22+1TB%2F2TB+Ultra+Slim+Portable+External+Hard+Drive+USB3.0+HDD+Storage+for+PC%2C+Mac%2C+Desktop%2C+Laptop%2C+MacBook%2C+Chromebook%2C+Xbox+One%2C+Xbox+360%2C+PS4+%282TB%2C+Blue%29&_sacat=0
"Polaroid Originals Color Film for SX-70 (4676),White",119.0,22:30.9,https://www.ebay.com/sch/i.html?_from=R40&_trksid=p2380057.m570.l1313.TR12.TRC2.A0.H0.XPolaroid+Originals+Color+Film+for+SX-70+%284676%29%2CWhite.TRS0&_nkw=Polaroid+Originals+Color+Film+for+SX-70+%284676%29%2CWhite&_sacat=0
"iMBAPrice 15' Cat5e Network Ethernet Patch Cable, 10 Pack, Black (IMBA-CAT5-15BK-10PK)",38.7,23:02.5,https://www.ebay.com/sch/i.html?_from=R40&_trksid=m570.l1313&_nkw=iMBAPrice+15%27+Cat5e+Network+Ethernet+Patch+Cable%2C+10+Pack%2C+Black+%28IMBA-CAT5-15BK-10PK%29&_sacat=0
The Sufferer & the Witness [Vinyl],20.43,23:25.0,https://www.ebay.com/sch/i.html?_from=R40&_trksid=m570.l1313&_nkw=The+Sufferer+%26+the+Witness+%5BVinyl%5D&_sacat=0
Kind Of Blue (Vinyl),22.72,23:52.3,https://www.ebay.com/sch/i.html?_from=R40&_trksid=p2380057.m570.l1313.TR12.TRC2.A0.H0.XKind+Of+Blue+%28Vinyl%29.TRS0&_nkw=Kind+Of+Blue+%28Vinyl%29&_sacat=0
"i-Blason Armorbox Case for iPhone 8 Plus/iPhone 7 Plus, Built in Screen Protector Full Body Heavy Duty Protection Reduction / Bumper Case (Black)",28.99,24:15.2,https://www.ebay.com/sch/i.html?_from=R40&_trksid=m570.l1313&_nkw=i-Blason+Armorbox+Case+for+iPhone+8+Plus%2FiPhone+7+Plus%2C+Built+in+Screen+Protector+Full+Body+Heavy+Duty+Protection+Reduction+%2F+Bumper+Case+%28Black%29&_sacat=0
Hexed,2.89,24:26.2,https://www.ebay.com/sch/i.html?_from=R40&_trksid=m570.l1313&_nkw=Hexed&_sacat=0
"AT&T EL50003 Accessory Cordless Handset, White Requires AT&T EL52103, EL52203, EL52253,EL52303, EL52353, EL52403, or EL52503 to Operate",12.99,24:50.8,https://www.ebay.com/sch/i.html?_from=R40&_trksid=p2380057.m570.l1313.TR7.TRC1.A0.H0.XAT%26T+EL50003+Accessory+Cordless+Handset%2C+White+Requires+AT%26T+EL52103%2C+EL52203%2C+.TRS0&_nkw=AT%26T+EL50003+Accessory+Cordless+Handset%2C+White+Requires+AT%26T+EL52103%2C+EL52203%2C+EL52253%2CEL52303%2C+EL52353%2C+EL52403%2C+or+EL52503+to+Operate&_sacat=0
Silent Hill 3,39.99,25:12.7,https://www.ebay.com/sch/i.html?_from=R40&_trksid=p2380057.m570.l1313.TR12.TRC2.A0.H0.XSilent+Hill+3.TRS0&_nkw=Silent+Hill+3&_sacat=0
Texas Sun Ep,16.99,25:34.5,https://www.ebay.com/sch/i.html?_from=R40&_trksid=p2380057.m570.l1313.TR12.TRC2.A0.H0.XTexas+Sun+Ep.TRS0&_nkw=Texas+Sun+Ep&_sacat=0
Badge Magic Cut to Fit Freestyle Patch Adhesive Kit (3-Pack),25.05,25:57.3,https://www.ebay.com/sch/i.html?_from=R40&_trksid=p2380057.m570.l1313.TR12.TRC2.A0.H0.XBadge+Magic+Cut+to+Fit+Freestyle+Patch+Adhesive+Kit+%283-Pack%29.TRS0&_nkw=Badge+Magic+Cut+to+Fit+Freestyle+Patch+Adhesive+Kit+%283-Pack%29&_sacat=0
RCA Compact RF Modulator (CRF907A),8.9,26:25.5,https://www.ebay.com/sch/i.html?_from=R40&_trksid=m570.l1313&_nkw=RCA+Compact+RF+Modulator+%28CRF907A%29&_sacat=0
"Paper Mate Gel Pens InkJoy Pens, Medium Point, Assorted, 10 Count",14.39,26:50.9,https://www.ebay.com/sch/i.html?_from=R40&_trksid=m570.l1313&_nkw=Paper+Mate+Gel+Pens+InkJoy+Pens%2C+Medium+Point%2C+Assorted%2C+10+Count&_sacat=0
"AICHESON Laptop Cooling Pad 5 Fans Up to 17.3 Inch Heavy Notebook Cooler, Blue LED Lights, 2 USB Ports, S035, Blue-5fans",37.99,27:22.5,https://www.ebay.com/sch/i.html?_from=R40&_trksid=m570.l1313&_nkw=AICHESON+Laptop+Cooling+Pad+5+Fans+Up+to+17.3+Inch+Heavy+Notebook+Cooler%2C+Blue+LED+Lights%2C+2+USB+Ports%2C+S035%2C+Blue-5fans&_sacat=0
"ASUS USB-BT400 USB Adapter w/ Bluetooth Dongle Receiver, Laptop & PC Support, Windows 10 Plug and Play /8/7/XP, Printers, Phones, Headsets, Speakers, Keyboards, Controllers,Black",22.48,27:56.5,https://www.ebay.com/sch/i.html?_from=R40&_trksid=p2380057.m570.l1313.TR3.TRC1.A0.H0.XASUS+USB-BT400+USB+Adapter+w%2F+Bluetooth+Dongle+Receiver%2C+Laptop+%26+PC+Support%2C+W.TRS0&_nkw=ASUS+USB-BT400+USB+Adapter+w%2F+Bluetooth+Dongle+Receiver%2C+Laptop+%26+PC+Support%2C+Windows+10+Plug+and+Play+%2F8%2F7%2FXP%2C+Printers%2C+Phones%2C+Headsets%2C+Speakers%2C+Keyboards%2C+Controllers%2CBlack&_sacat=0
Sing To Me Instead (LP),59.99,28:24.4,https://www.ebay.com/sch/i.html?_from=R40&_trksid=m570.l1313&_nkw=Sing+To+Me+Instead+%28LP%29&_sacat=0
"Deszon Wireless Charger Designed for Apple Watch Stand Compatible with Apple Watch Series 5 4 3 2 1, AirPods Pro Airpods and iPhone 11 11 pro 11 Pro Max Xs X Max XR X 8 8Plus (No Adapter) Rose Gold",0.0,28:56.6,https://www.ebay.com/sch/i.html?_from=R40&_trksid=p2380057.m570.l1313.TR12.TRC2.A0.H0.XDeszon+Wireless+Charger+Designed+for+Apple+Watch+Stand+Compatible+with+Apple+Wa.TRS0&_nkw=Deszon+Wireless+Charger+Designed+for+Apple+Watch+Stand+Compatible+with+Apple+Watch+Series+5+4+3+2+1%2C+AirPods+Pro+Airpods+and+iPhone+11+11+pro+11+Pro+Max+Xs+X+Max+XR+X+8+8Plus+%28No+Adapter%29+Rose+Gold&_sacat=0
"Sharpie S-Gel, Gel Pens, Medium Point (0.7mm), Assorted Colors, 12 Count",20.93,29:15.6,https://www.ebay.com/sch/i.html?_from=R40&_trksid=p2380057.m570.l1313.TR2.TRC1.A0.H0.XSharpie+S-Gel%2C+Gel+Pens%2C+Medium+Point+%280.7mm%29%2C+Assorted+Colors%2C+12+Count.TRS0&_nkw=Sharpie+S-Gel%2C+Gel+Pens%2C+Medium+Point+%280.7mm%29%2C+Assorted+Colors%2C+12+Count&_sacat=0
Mario Kart Double Dash,64.99,29:38.3,https://www.ebay.com/sch/i.html?_from=R40&_trksid=m570.l1313&_nkw=Mario+Kart+Double+Dash&_sacat=0
"USB-C to Lightning Cable, MFi Certified Charger for iPhone 11 Pro/11 Pro Max - Red, 6-Foot",11.0,30:10.5,https://www.ebay.com/sch/i.html?_from=R40&_trksid=p2380057.m570.l1313.TR11.TRC1.A0.H0.XUSB-C+to+Lightning+Cable%2C+MFi+Certified+Charger+for+iPhone+11+Pro%2F11+Pro+Max+-+.TRS0&_nkw=USB-C+to+Lightning+Cable%2C+MFi+Certified+Charger+for+iPhone+11+Pro%2F11+Pro+Max+-+Red%2C+6-Foot&_sacat=0
"Swingline Stapler, Optima 40, Full Strip Desktop Stapler, 40 Sheet Capacity, Low Force, Orange/Silver/Black (87845), Compact Size, Pack of 1",15.31,30:40.1,https://www.ebay.com/sch/i.html?_from=R40&_trksid=m570.l1313&_nkw=Swingline+Stapler%2C+Optima+40%2C+Full+Strip+Desktop+Stapler%2C+40+Sheet+Capacity%2C+Low+Force%2C+Orange%2FSilver%2FBlack+%2887845%29%2C+Compact+Size%2C+Pack+of+1&_sacat=0
"USB-C to Lightning Cable, MFi Certified Charger for iPhone 11 Pro/11 Pro Max - White, 6-Foot",12.99,31:12.3,https://www.ebay.com/sch/i.html?_from=R40&_trksid=m570.l1313&_nkw=USB-C+to+Lightning+Cable%2C+MFi+Certified+Charger+for+iPhone+11+Pro%2F11+Pro+Max+-+White%2C+6-Foot&_sacat=0
"Cardinal XtraLife 3-Ring Binder, 1"", Locking Slant-D Rings, ClearVue Presentation Binder, Holds 270 Sheets, PVC-Free, Blue (26302)",15.62,31:47.2,https://www.ebay.com/sch/i.html?_from=R40&_trksid=m570.l1313&_nkw=Cardinal+XtraLife+3-Ring+Binder%2C+1%22%2C+Locking+Slant-D+Rings%2C+ClearVue+Presentation+Binder%2C+Holds+270+Sheets%2C+PVC-Free%2C+Blue+%2826302%29&_sacat=0
"Backup Camera and Monitor Kit for Car/MPV/Pickup/Truck/SUV,Universal Wired Waterproof Rear-View 2-Installation Car Rear Backup Camera + 4.3 LCD Rear View Monitor",36.08,32:23.3,https://www.ebay.com/sch/i.html?_from=R40&_trksid=m570.l1313&_nkw=Backup+Camera+and+Monitor+Kit+for+Car%2FMPV%2FPickup%2FTruck%2FSUV%2CUniversal+Wired+Waterproof+Rear-View+2-Installation+Car+Rear+Backup+Camera+%2B+4.3+LCD+Rear+View+Monitor&_sacat=0
"DreamSky Auto Set Digital Alarm Clock with USB Charging Port, 6.6 Inches Large Screen with Time/Date/Temperature Display, Full Range Brightness Dimmer, Auto DST Setting, Snooze. (White)",26.99,32:53.4,https://www.ebay.com/sch/i.html?_from=R40&_trksid=m570.l1313&_nkw=DreamSky+Auto+Set+Digital+Alarm+Clock+with+USB+Charging+Port%2C+6.6+Inches+Large+Screen+with+Time%2FDate%2FTemperature+Display%2C+Full+Range+Brightness+Dimmer%2C+Auto+DST+Setting%2C+Snooze.+%28White%29&_sacat=0
"TICONDEROGA Pencils, Wood-Cased, Unsharpened, Graphite #2 HB Soft, Yellow, 72-Pack (33904)",13.19,33:21.0,https://www.ebay.com/sch/i.html?_from=R40&_trksid=p2380057.m570.l1313.TR12.TRC2.A0.H0.XTICONDEROGA+Pencils%2C+Wood-Cased%2C+Unsharpened%2C+Graphite+%232+HB+Soft%2C+Yellow%2C+72-P.TRS0&_nkw=TICONDEROGA+Pencils%2C+Wood-Cased%2C+Unsharpened%2C+Graphite+%232+HB+Soft%2C+Yellow%2C+72-Pack+%2833904%29&_sacat=0
"DSN-02950 Mesh Desk Organizer, Black",26.99,33:40.3,https://www.ebay.com/sch/i.html?_from=R40&_trksid=m570.l1313&_nkw=DSN-02950+Mesh+Desk+Organizer%2C+Black&_sacat=0
"AVAWO DC 24V15A 360W Switching Power Supply Transformer Regulated for LED Strip Light, CCTV, Radio, Computer Project etc.",27.43,34:00.6,https://www.ebay.com/sch/i.html?_from=R40&_trksid=m570.l1313&_nkw=AVAWO+DC+24V15A+360W+Switching+Power+Supply+Transformer+Regulated+for+LED+Strip+Light%2C+CCTV%2C+Radio%2C+Computer+Project+etc.&_sacat=0
"Lightning to USB A Cable, MFi Certified iPhone Charger, White, 6 Foot",15.99,34:38.0,https://www.ebay.com/sch/i.html?_from=R40&_trksid=p2380057.m570.l1313.TR12.TRC2.A0.H0.XLightning+to+USB+A+Cable%2C+MFi+Certified+iPhone+Charger%2C+White%2C+6+Foot.TRS0&_nkw=Lightning+to+USB+A+Cable%2C+MFi+Certified+iPhone+Charger%2C+White%2C+6+Foot&_sacat=0
"2Pack 10ft iPhone Charger Cable, [Apple MFi Certified] Long Lightning Cable 10 Foot Nylon Braided USB Fast Charging Cord Compatible with iPhone 11/11 Pro/11 Pro Max/X/XR/XS/8/7",37.03,34:59.0,https://www.ebay.com/sch/i.html?_from=R40&_trksid=p2380057.m570.l1313.TR12.TRC2.A0.H0.X2Pack+10ft+iPhone+Charger+Cable%2C+%5BApple+MFi+Certified%5D+Long+Lightning+Cable+10+.TRS0&_nkw=2Pack+10ft+iPhone+Charger+Cable%2C+%5BApple+MFi+Certified%5D+Long+Lightning+Cable+10+Foot+Nylon+Braided+USB+Fast+Charging+Cord+Compatible+with+iPhone+11%2F11+Pro%2F11+Pro+Max%2FX%2FXR%2FXS%2F8%2F7&_sacat=0
"Azzsy iPad 7th Generation Case,iPad 10.2 2019 Case, Slim Heavy Duty Shockproof Rugged High Impact Protective Case for iPad 7th Generation 10.2 inch 2019 Release (Blue)",29.92,35:27.1,https://www.ebay.com/sch/i.html?_from=R40&_trksid=p2380057.m570.l1313.TR11.TRC1.A0.H0.XAzzsy+iPad+7th+Generation+Case%2CiPad+10.2+2019+Case%2C+Slim+Heavy+Duty+Shockproof+.TRS0&_nkw=Azzsy+iPad+7th+Generation+Case%2CiPad+10.2+2019+Case%2C+Slim+Heavy+Duty+Shockproof+Rugged+High+Impact+Protective+Case+for+iPad+7th+Generation+10.2+inch+2019+Release+%28Blue%29&_sacat=0
"ESR Crown Metal Bumper Case for iPhone X, Metal Frame Armor with Soft Inner Bumper [Zero Signal Interference] [Raised Edge Protection] for iPhone X, Space Grey",27.16,35:45.6,https://www.ebay.com/sch/i.html?_from=R40&_trksid=m570.l1313&_nkw=ESR+Crown+Metal+Bumper+Case+for+iPhone+X%2C+Metal+Frame+Armor+with+Soft+Inner+Bumper+%5BZero+Signal+Interference%5D+%5BRaised+Edge+Protection%5D+for+iPhone+X%2C+Space+Grey&_sacat=0
"RGB Gaming Keyboard and Colorful Mouse Combo,USB Wired LED Backlight Gaming Mouse and Keyboard for Laptop PC Computer Gaming and Work,Letter Glow,Mechanical Feeling",25.99,36:21.6,https://www.ebay.com/sch/i.html?_from=R40&_trksid=p2380057.m570.l1313.TR12.TRC2.A0.H0.XRGB+Gaming+Keyboard+and+Colorful+Mouse+Combo%2CUSB+Wired+LED+Backlight+Gaming+Mou.TRS0&_nkw=RGB+Gaming+Keyboard+and+Colorful+Mouse+Combo%2CUSB+Wired+LED+Backlight+Gaming+Mouse+and+Keyboard+for+Laptop+PC+Computer+Gaming+and+Work%2CLetter+Glow%2CMechanical+Feeling&_sacat=0
"Lightning to USB A Cable, MFi Certified iPhone Charger, White, 4 Inch",3.75,36:53.6,https://www.ebay.com/sch/i.html?_from=R40&_trksid=p2380057.m570.l1313.TR12.TRC2.A0.H0.XLightning+to+USB+A+Cable%2C+MFi+Certified+iPhone+Charger%2C+White%2C+4+Inch.TRS0&_nkw=Lightning+to+USB+A+Cable%2C+MFi+Certified+iPhone+Charger%2C+White%2C+4+Inch&_sacat=0
PowerA Play & Charge Kit For Xbox One,34.99,37:20.9,https://www.ebay.com/sch/i.html?_from=R40&_trksid=p2380057.m570.l1313.TR2.TRC1.A0.H0.XPowerA+Play+%26+Charge+Kit+For+Xbox+One.TRS0&_nkw=PowerA+Play+%26+Charge+Kit+For+Xbox+One&_sacat=0
"Magnetic Phone Charging Cable, 3 in 1 Cable(2 Packs,6.6 ft Straight Cable, 6.6 ft L Shape Cable) Red",20.08,37:54.4,https://www.ebay.com/sch/i.html?_from=R40&_trksid=m570.l1313&_nkw=Magnetic+Phone+Charging+Cable%2C+3+in+1+Cable%282+Packs%2C6.6+ft+Straight+Cable%2C+6.6+ft+L+Shape+Cable%29+Red&_sacat=0
"Sharpie Metallic Permanent Markers, Fine Point, Gold, 2 Count",8.19,38:17.9,https://www.ebay.com/sch/i.html?_from=R40&_trksid=m570.l1313&_nkw=Sharpie+Metallic+Permanent+Markers%2C+Fine+Point%2C+Gold%2C+2+Count&_sacat=0
"Azzsy iPad 7th Generation Case,iPad 10.2 2019 Case, Slim Heavy Duty Shockproof Rugged High Impact Protective Case for iPad 7th Generation 10.2 inch 2019 Release,Black",31.09,38:49.3,https://www.ebay.com/sch/i.html?_from=R40&_trksid=m570.l1313&_nkw=Azzsy+iPad+7th+Generation+Case%2CiPad+10.2+2019+Case%2C+Slim+Heavy+Duty+Shockproof+Rugged+High+Impact+Protective+Case+for+iPad+7th+Generation+10.2+inch+2019+Release%2CBlack&_sacat=0
USB 2.0 Printer Cable - A-Male to B-Male Cord - 6 Feet (1.8 Meters),4.99,39:01.5,https://www.ebay.com/sch/i.html?_from=R40&_trksid=m570.l1313&_nkw=USB+2.0+Printer+Cable+-+A-Male+to+B-Male+Cord+-+6+Feet+%281.8+Meters%29&_sacat=0
"iPhone Charger,Mfi Certified Lightning Cables to USB Syncing Data and Nylon Braided Cord Charger for iPhone 11/XS/Max/XR/X/8/6Plus/6S/7Plus/7/8Plus/SE/iPad and More",5.01,39:24.0,https://www.ebay.com/sch/i.html?_from=R40&_trksid=p2380057.m570.l1313.TR12.TRC2.A0.H0.XiPhone+Charger%2CMfi+Certified+Lightning+Cables+to+USB+Syncing+Data+and+Nylon+Bra.TRS0&_nkw=iPhone+Charger%2CMfi+Certified+Lightning+Cables+to+USB+Syncing+Data+and+Nylon+Braided+Cord+Charger+for+iPhone+11%2FXS%2FMax%2FXR%2FX%2F8%2F6Plus%2F6S%2F7Plus%2F7%2F8Plus%2FSE%2FiPad+and+More&_sacat=0
"Hammermill Copy Plus 20lb Paper, 8.5 x 11, 1 Ream, 500 Total Sheets, Made in USA, Sustainably Sourced From American Family Tree Farms, 92 Bright, Acid Free, Economical Printer Paper, 105007R",9.99,39:49.2,https://www.ebay.com/sch/i.html?_from=R40&_trksid=m570.l1313&_nkw=Hammermill+Copy+Plus+20lb+Paper%2C+8.5+x+11%2C+1+Ream%2C+500+Total+Sheets%2C+Made+in+USA%2C+Sustainably+Sourced+From+American+Family+Tree+Farms%2C+92+Bright%2C+Acid+Free%2C+Economical+Printer+Paper%2C+105007R&_sacat=0
Madden NFL 19 - Xbox One,11.5,40:08.0,https://www.ebay.com/sch/i.html?_from=R40&_trksid=p2380057.m570.l1313.TR5.TRC1.A0.H0.XMadden+NFL+19+-+Xbox+One.TRS0&_nkw=Madden+NFL+19+-+Xbox+One&_sacat=0
"Victor 900 8-Digit Standard Function Calculator with Hard Protective Cover, Solar and Battery LCD Display, Small Pocket Calculator for Students and Professionals, Black",8.26,40:26.5,https://www.ebay.com/sch/i.html?_from=R40&_trksid=m570.l1313&_nkw=Victor+900+8-Digit+Standard+Function+Calculator+with+Hard+Protective+Cover%2C+Solar+and+Battery+LCD+Display%2C+Small+Pocket+Calculator+for+Students+and+Professionals%2C+Black&_sacat=0
42W AC Adapter for Samsung Monitor SyncMaster S22A300B S20A350B LED Monitor AP06314-UV Power Cord,9.49,40:41.2,https://www.ebay.com/sch/i.html?_from=R40&_trksid=p2380057.m570.l1313.TR11.TRC1.A0.H0.X42W+AC+Adapter+for+Samsung+Monitor+SyncMaster+S22A300B+S20A350B+LED+Monitor+AP0.TRS0&_nkw=42W+AC+Adapter+for+Samsung+Monitor+SyncMaster+S22A300B+S20A350B+LED+Monitor+AP06314-UV+Power+Cord&_sacat=0
Zimrit 3.5mm Male AUX Audio Jack To USB 2.0 Male Charge Cable Adapter Cord 3 Feet (3.5mm Aux 3 feet),0.0,40:55.7,https://www.ebay.com/sch/i.html?_from=R40&_trksid=m570.l1313&_nkw=Zimrit+3.5mm+Male+AUX+Audio+Jack+To+USB+2.0+Male+Charge+Cable+Adapter+Cord+3+Feet+%283.5mm+Aux+3+feet%29&_sacat=0
"pehael Privacy Screen Protector, Anty- Spy Tempered Glass for iPhone 11 Pro Max iPhone Xs Max, Easy Install, Free Bubbles [6.5 inch](2ps)",5.98,41:14.5,https://www.ebay.com/sch/i.html?_from=R40&_trksid=m570.l1313&_nkw=pehael+Privacy+Screen+Protector%2C+Anty-+Spy+Tempered+Glass+for+iPhone+11+Pro+Max+iPhone+Xs+Max%2C+Easy+Install%2C+Free+Bubbles+%5B6.5+inch%5D%282ps%29&_sacat=0
CHI Spin N Curl in Onyx Black,38.0,41:30.5,https://www.ebay.com/sch/i.html?_from=R40&_trksid=p2380057.m570.l1313.TR12.TRC2.A0.H0.XCHI+Spin+N+Curl+in+Onyx+Black.TRS0&_nkw=CHI+Spin+N+Curl+in+Onyx+Black&_sacat=0
"Waterpik Water Flosser Electric Dental Countertop Oral Irrigator for Teeth - Aquarius Professional, WP-669 Deep Burgundy",46.8,41:49.4,https://www.ebay.com/sch/i.html?_from=R40&_trksid=p2380057.m570.l1313.TR12.TRC2.A0.H0.XWaterpik+Water+Flosser+Electric+Dental+Countertop+Oral+Irrigator+for+Teeth+-+Aq.TRS0&_nkw=Waterpik+Water+Flosser+Electric+Dental+Countertop+Oral+Irrigator+for+Teeth+-+Aquarius+Professional%2C+WP-669+Deep+Burgundy&_sacat=0
"Waterpik Water Flosser Electric Dental Countertop Professional Oral Irrigator For Teeth, Aquarius WP-662 Black",29.99,42:13.1,https://www.ebay.com/sch/i.html?_from=R40&_trksid=m570.l1313&_nkw=Waterpik+Water+Flosser+Electric+Dental+Countertop+Professional+Oral+Irrigator+For+Teeth%2C+Aquarius+WP-662+Black&_sacat=0
Casio Women's BG169R-2 Baby-G Blue Whale Digital Sport Watch,90.52,42:31.0,https://www.ebay.com/sch/i.html?_from=R40&_trksid=m570.l1313&_nkw=Casio+Women%27s+BG169R-2+Baby-G+Blue+Whale+Digital+Sport+Watch&_sacat=0
"Waterpik Classic Professional Water Flosser, WP 72",49.99,42:44.6,https://www.ebay.com/sch/i.html?_from=R40&_trksid=m570.l1313&_nkw=Waterpik+Classic+Professional+Water+Flosser%2C+WP+72&_sacat=0
Crest 3D White Professional Effects Whitestrips 20 Treatments + Crest 3D White 1 Hour Express Whitestrips 2 Treatments - Teeth Whitening Kit,26.99,43:05.1,https://www.ebay.com/sch/i.html?_from=R40&_trksid=p2380057.m570.l1313.TR12.TRC2.A0.H0.XCrest+3D+White+Professional+Effects+Whitestrips+20+Treatments+%2B+Crest+3D+White+.TRS0&_nkw=Crest+3D+White+Professional+Effects+Whitestrips+20+Treatments+%2B+Crest+3D+White+1+Hour+Express+Whitestrips+2+Treatments+-+Teeth+Whitening+Kit&_sacat=0
"United Ortho Short Air Cam Walker Fracture Boot, Extra Large, Black",19.99,43:23.0,https://www.ebay.com/sch/i.html?_from=R40&_trksid=m570.l1313&_nkw=United+Ortho+Short+Air+Cam+Walker+Fracture+Boot%2C+Extra+Large%2C+Black&_sacat=0
"Revlon Salon Straightener Copper + Ceramic Flat Iron, 1-1/2"" XL",36.99,43:39.8,https://www.ebay.com/sch/i.html?_from=R40&_trksid=m570.l1313&_nkw=Revlon+Salon+Straightener+Copper+%2B+Ceramic+Flat+Iron%2C+1-1%2F2%22+XL&_sacat=0
"Remington F5-5800 Foil Shaver, Men's Electric Razor, Electric Shaver, Black",48.39,43:52.8,https://www.ebay.com/sch/i.html?_from=R40&_trksid=m570.l1313&_nkw=Remington+F5-5800+Foil+Shaver%2C+Men%27s+Electric+Razor%2C+Electric+Shaver%2C+Black&_sacat=0
"Vichy LiftActiv Supreme Anti Aging Face Moisturizer, Anti Wrinkle Cream to Firm & Illuminate, Suitable for Sensitive Skin, 1.69 Fl Oz.",16.99,44:08.8,https://www.ebay.com/sch/i.html?_from=R40&_trksid=m570.l1313&_nkw=Vichy+LiftActiv+Supreme+Anti+Aging+Face+Moisturizer%2C+Anti+Wrinkle+Cream+to+Firm+%26+Illuminate%2C+Suitable+for+Sensitive+Skin%2C+1.69+Fl+Oz.&_sacat=0
"Aircast Airlift PTTD Ankle Support Brace, Left Foot, Medium",39.99,44:19.3,https://www.ebay.com/sch/i.html?_from=R40&_trksid=m570.l1313&_nkw=Aircast+Airlift+PTTD+Ankle+Support+Brace%2C+Left+Foot%2C+Medium&_sacat=0
Assorted Health and Beauty,6.49,44:33.8,https://www.ebay.com/sch/i.html?_from=R40&_trksid=p2380057.m570.l1313.TR9.TRC1.A0.H0.XAssorted+Health+and+Beauty.TRS0&_nkw=Assorted+Health+and+Beauty&_sacat=0
"Wahl Lithium Ion All-in-One Beard Trimmer Mens Grooming Kit - Rechargeable Beard Trimmer, Hair Clipper & Electric Shavers",40.0,44:51.6,https://www.ebay.com/sch/i.html?_from=R40&_trksid=p2380057.m570.l1313.TR12.TRC2.A0.H0.XWahl+Lithium+Ion+All-in-One+Beard+Trimmer+Mens+Grooming+Kit+-+Rechargeable+Bear.TRS0&_nkw=Wahl+Lithium+Ion+All-in-One+Beard+Trimmer+Mens+Grooming+Kit+-+Rechargeable+Beard+Trimmer%2C+Hair+Clipper+%26+Electric+Shavers&_sacat=0
"Oral-B 1000 CrossAction Electric Toothbrush, Black, Powered by Braun",52.0,45:03.6,https://www.ebay.com/sch/i.html?_from=R40&_trksid=p2380057.m570.l1313.TR12.TRC2.A0.H0.XOral-B+1000+CrossAction+Electric+Toothbrush%2C+Black%2C+Powered+by+Braun.TRS0&_nkw=Oral-B+1000+CrossAction+Electric+Toothbrush%2C+Black%2C+Powered+by+Braun&_sacat=0
EVS Sports SB03BK-M Black Medium Shoulder Brace,18.0,45:20.5,https://www.ebay.com/sch/i.html?_from=R40&_trksid=m570.l1313&_nkw=EVS+Sports+SB03BK-M+Black+Medium+Shoulder+Brace&_sacat=0
"FitPro Wraparound Hinged Knee Stability Brace, Large, Exclusive Brand,Black",11.99,45:37.9,https://www.ebay.com/sch/i.html?_from=R40&_trksid=m570.l1313&_nkw=FitPro+Wraparound+Hinged+Knee+Stability+Brace%2C+Large%2C+Exclusive+Brand%2CBlack&_sacat=0
"Philips Norelco OneBlade Hybrid Electric Trimmer and Shaver, FFP, QP2520/90",28.04,45:54.6,https://www.ebay.com/sch/i.html?_from=R40&_trksid=m570.l1313&_nkw=Philips+Norelco+OneBlade+Hybrid+Electric+Trimmer+and+Shaver%2C+FFP%2C+QP2520%2F90&_sacat=0
"ABH AmazingBeauty Hair Sun-kissed Hair Balayage Extensions Tape-ins, Invisible, Double Sided Real Remy Human Hair Skin Weft, 50g 20pcs, Dark Brown with Chestnut Brown B2-6, 22 Inch",36.2,46:06.7,https://www.ebay.com/sch/i.html?_from=R40&_trksid=m570.l1313&_nkw=ABH+AmazingBeauty+Hair+Sun-kissed+Hair+Balayage+Extensions+Tape-ins%2C+Invisible%2C+Double+Sided+Real+Remy+Human+Hair+Skin+Weft%2C+50g+20pcs%2C+Dark+Brown+with+Chestnut+Brown+B2-6%2C+22+Inch&_sacat=0
"Genuine Philips Sonicare E-Series replacement toothbrush heads, HX7023/30, 3 Count",39.99,46:28.6,https://www.ebay.com/sch/i.html?_from=R40&_trksid=p2380057.m570.l1313.TR11.TRC1.A0.H0.XGenuine+Philips+Sonicare+E-Series+replacement+toothbrush+heads%2C+HX7023%2F30%2C+3+Co.TRS0&_nkw=Genuine+Philips+Sonicare+E-Series+replacement+toothbrush+heads%2C+HX7023%2F30%2C+3+Count&_sacat=0
Caruso Traveler 14 Molecular Steam Hairsetter,27.49,46:40.7,https://www.ebay.com/sch/i.html?_from=R40&_trksid=m570.l1313&_nkw=Caruso+Traveler+14+Molecular+Steam+Hairsetter&_sacat=0
"Remington Wet2Straight Flat Iron with Ceramic + Titanium Plates, S7330A, 1 3/4 Inch",39.99,46:58.4,https://www.ebay.com/sch/i.html?_from=R40&_trksid=p2380057.m570.l1313.TR12.TRC2.A0.H0.XRemington+Wet2Straight+Flat+Iron+with+Ceramic+%2B+Titanium+Plates%2C+S7330A%2C+1+3%2F4+.TRS0&_nkw=Remington+Wet2Straight+Flat+Iron+with+Ceramic+%2B+Titanium+Plates%2C+S7330A%2C+1+3%2F4+Inch&_sacat=0
Full Shine Real Hair Halo 14 inch Color 60 Light Blonde With Clips Halo Extensions Remy Human Hair No Glue Invisible Fish Wire Hair One Piece Fish Line Hair Extensions 70g/set,42.99,47:15.4,https://www.ebay.com/sch/i.html?_from=R40&_trksid=m570.l1313&_nkw=Full+Shine+Real+Hair+Halo+14+inch+Color+60+Light+Blonde+With+Clips+Halo+Extensions+Remy+Human+Hair+No+Glue+Invisible+Fish+Wire+Hair+One+Piece+Fish+Line+Hair+Extensions+70g%2Fset&_sacat=0
"Revlon Heated Silicone Styling Brush, 1""",17.95,47:30.2,https://www.ebay.com/sch/i.html?_from=R40&_trksid=p2380057.m570.l1313.TR12.TRC2.A0.H0.XRevlon+Heated+Silicone+Styling+Brush%2C+1%22.TRS0&_nkw=Revlon+Heated+Silicone+Styling+Brush%2C+1%22&_sacat=0
Full Shine 14 Inch Balayage Tape in Extensions Human Hair Color 6 Brown Roots Fading to 27 and 60 Platinum Blonde Remy Hair Tape Extensions Double Sided Tape In Hair Extensions 50 Grams Easy Install,22.84,47:49.6,https://www.ebay.com/sch/i.html?_from=R40&_trksid=p2380057.m570.l1313.TR12.TRC2.A0.H0.XFull+Shine+14+Inch+Balayage+Tape+in+Extensions+Human+Hair+Color+6+Brown+Roots+F.TRS0&_nkw=Full+Shine+14+Inch+Balayage+Tape+in+Extensions+Human+Hair+Color+6+Brown+Roots+Fading+to+27+and+60+Platinum+Blonde+Remy+Hair+Tape+Extensions+Double+Sided+Tape+In+Hair+Extensions+50+Grams+Easy+Install&_sacat=0
"Philips Norelco MG3750 Multigroom All-In-One Series 3000, 13 attachment trimmer",31.95,48:05.4,https://www.ebay.com/sch/i.html?_from=R40&_trksid=m570.l1313&_nkw=Philips+Norelco+MG3750+Multigroom+All-In-One+Series+3000%2C+13+attachment+trimmer&_sacat=0
Facial Steamer Nano Ionic Hot Mist Face Steamer Home Sauna SPA Face Humidifier Atomizer for Women Men Moisturizing Unclogs Pores Spa Quality,52.16,48:16.6,https://www.ebay.com/sch/i.html?_from=R40&_trksid=m570.l1313&_nkw=Facial+Steamer+Nano+Ionic+Hot+Mist+Face+Steamer+Home+Sauna+SPA+Face+Humidifier+Atomizer+for+Women+Men+Moisturizing+Unclogs+Pores+Spa+Quality&_sacat=0
"Mueller 255 Lumbar Support Back Brace with Removable Pad, Black, Regular(Package May Vary)",0.0,48:33.5,https://www.ebay.com/sch/i.html?_from=R40&_trksid=m570.l1313&_nkw=Mueller+255+Lumbar+Support+Back+Brace+with+Removable+Pad%2C+Black%2C+Regular%28Package+May+Vary%29&_sacat=0
Sand & Sky Australian Pink Clay Smoothing Body Sand. Organic Exfoliating Body Scrub,58.16,48:49.3,https://www.ebay.com/sch/i.html?_from=R40&_trksid=p2380057.m570.l1313.TR12.TRC2.A0.H0.XSand+%26+Sky+Australian+Pink+Clay+Smoothing+Body+Sand.+Organic+Exfoliating+Body+S.TRS0&_nkw=Sand+%26+Sky+Australian+Pink+Clay+Smoothing+Body+Sand.+Organic+Exfoliating+Body+Scrub&_sacat=0
"FitRight Ultra Adult Diapers, Disposable Incontinence Briefs with Tabs, Heavy Absorbency, Regular, 40""-50"", (Pack of 20)",0.0,49:02.6,https://www.ebay.com/sch/i.html?_from=R40&_trksid=m570.l1313&_nkw=FitRight+Ultra+Adult+Diapers%2C+Disposable+Incontinence+Briefs+with+Tabs%2C+Heavy+Absorbency%2C+Regular%2C+40%22-50%22%2C+%28Pack+of+20%29&_sacat=0
Etekcity Infrared Thermometer Temperature Gun Dual Laser Non-Contact Lasergrip 1030D with Temperature Filtering -58,0.0,49:18.3,https://www.ebay.com/sch/i.html?_from=R40&_trksid=p2380057.m570.l1313.TR12.TRC2.A0.H0.XEtekcity+Infrared+Thermometer+Temperature+Gun+Dual+Laser+Non-Contact+Lasergrip+.TRS0&_nkw=Etekcity+Infrared+Thermometer+Temperature+Gun+Dual+Laser+Non-Contact+Lasergrip+1030D+with+Temperature+Filtering+-58&_sacat=0
"MUSCOACH Massage Gun Deep Tissue Muscle Massager for Athletes, Electric Handheld Percussion Fascia Massaging Gun Kneading Sports Drill with Quiet Brushless Motor for Pain Relief,Black",79.99,49:36.7,https://www.ebay.com/sch/i.html?_from=R40&_trksid=m570.l1313&_nkw=MUSCOACH+Massage+Gun+Deep+Tissue+Muscle+Massager+for+Athletes%2C+Electric+Handheld+Percussion+Fascia+Massaging+Gun+Kneading+Sports+Drill+with+Quiet+Brushless+Motor+for+Pain+Relief%2CBlack&_sacat=0
"Icekap Migraine Cap - Patented Migraine Relief Headache Hat with 5 Gel Ice Pack - Ice Hat Lasts Up to 3 Hours! Icecap for Migraines, Chemo, Sinus Relief, Head Tension, Menopause and More",54.99,49:58.9,https://www.ebay.com/sch/i.html?_from=R40&_trksid=m570.l1313&_nkw=Icekap+Migraine+Cap+-+Patented+Migraine+Relief+Headache+Hat+with+5+Gel+Ice+Pack+-+Ice+Hat+Lasts+Up+to+3+Hours%21+Icecap+for+Migraines%2C+Chemo%2C+Sinus+Relief%2C+Head+Tension%2C+Menopause+and+More&_sacat=0
Brio Beardscape with Travel Case,41.06,50:14.7,https://www.ebay.com/sch/i.html?_from=R40&_trksid=m570.l1313&_nkw=Brio+Beardscape+with+Travel+Case&_sacat=0
"Honest Mask - Designer N99 Safety Mask - Includes 5 Filters - Dust, Anti-Pollution, Washable with Breathe Right Valve (Black)",14.7,50:34.6,https://www.ebay.com/sch/i.html?_from=R40&_trksid=p2380057.m570.l1313.TR3.TRC1.A0.H0.XHonest+Mask+-+Designer+N99+Safety+Mask+-+Includes+5+Filters+-+Dust%2C+Anti-Pollut.TRS0&_nkw=Honest+Mask+-+Designer+N99+Safety+Mask+-+Includes+5+Filters+-+Dust%2C+Anti-Pollution%2C+Washable+with+Breathe+Right+Valve+%28Black%29&_sacat=0
"Tom's of Maine Men's antiperspirant, for Men, Mens Deodorant Antiperspirant, Mountain Spring, 2.25 Oz, 3 Pack",13.99,50:49.0,https://www.ebay.com/sch/i.html?_from=R40&_trksid=m570.l1313&_nkw=Tom%27s+of+Maine+Men%27s+antiperspirant%2C+for+Men%2C+Mens+Deodorant+Antiperspirant%2C+Mountain+Spring%2C+2.25+Oz%2C+3+Pack&_sacat=0
"Rico Bass Clarinet Reeds, Strength 2.0, 3-pack",14.98,50:59.7,https://www.ebay.com/sch/i.html?_from=R40&_trksid=m570.l1313&_nkw=Rico+Bass+Clarinet+Reeds%2C+Strength+2.0%2C+3-pack&_sacat=0
"Lintelek Fitness Tracker, Activity Tracker, Color Screen Kids Band with Heart Rate, Blood Pressure Monitor, Step Counter IP67 Smart Bracelet, for Kids, Women and Men",22.38,51:16.4,https://www.ebay.com/sch/i.html?_from=R40&_trksid=m570.l1313&_nkw=Lintelek+Fitness+Tracker%2C+Activity+Tracker%2C+Color+Screen+Kids+Band+with+Heart+Rate%2C+Blood+Pressure+Monitor%2C+Step+Counter+IP67+Smart+Bracelet%2C+for+Kids%2C+Women+and+Men&_sacat=0
Hibiclens Antiseptic/Antimicrobial Skin Cleanser,11.98,51:36.2,https://www.ebay.com/sch/i.html?_from=R40&_trksid=m570.l1313&_nkw=Hibiclens+Antiseptic%2FAntimicrobial+Skin+Cleanser&_sacat=0
"Nail Lamp for Gel Polish,36W 15 LED Professional Nail Dryer UV LED Nail Lamp with 3 Timer Setting,Professional Nail Art Tools With Automatic Sensor, LCD Display, Memory and Pause Timer Function",27.84,51:55.7,https://www.ebay.com/sch/i.html?_from=R40&_trksid=p2380057.m570.l1313.TR12.TRC2.A0.H0.XNail+Lamp+for+Gel+Polish%2C36W+15+LED+Professional+Nail+Dryer+UV+LED+Nail+Lamp+wi.TRS0&_nkw=Nail+Lamp+for+Gel+Polish%2C36W+15+LED+Professional+Nail+Dryer+UV+LED+Nail+Lamp+with+3+Timer+Setting%2CProfessional+Nail+Art+Tools+With+Automatic+Sensor%2C+LCD+Display%2C+Memory+and+Pause+Timer+Function&_sacat=0
Triple Bristle GO Portable AA Batter Sonic Toothbrush for Travel Three Powerful Modes Soft Nylon Bristles-Also For Autistic & Special Needs Adults and Kids Triple Bristle GO,57.94,52:18.0,https://www.ebay.com/sch/i.html?_from=R40&_trksid=m570.l1313&_nkw=Triple+Bristle+GO+Portable+AA+Batter+Sonic+Toothbrush+for+Travel+Three+Powerful+Modes+Soft+Nylon+Bristles-Also+For+Autistic+%26+Special+Needs+Adults+and+Kids+Triple+Bristle+GO&_sacat=0
"One Step Hair Dryer & Volumizer, Upgrade Hot Air Brush, Salon Negative lon Styling Hair Dryer Brush, Ceramic Electric Blow Dryer, Curler, Straightener, Styler Brush with 2Pcs Hair Clips",37.0,52:38.5,https://www.ebay.com/sch/i.html?_from=R40&_trksid=p2380057.m570.l1313.TR11.TRC1.A0.H0.XOne+Step+Hair+Dryer+%26+Volumizer%2C+Upgrade+Hot+Air+Brush%2C+Salon+Negative+lon+Styl.TRS0&_nkw=One+Step+Hair+Dryer+%26+Volumizer%2C+Upgrade+Hot+Air+Brush%2C+Salon+Negative+lon+Styling+Hair+Dryer+Brush%2C+Ceramic+Electric+Blow+Dryer%2C+Curler%2C+Straightener%2C+Styler+Brush+with+2Pcs+Hair+Clips&_sacat=0
"Hair Dryer Brush, Hot Air Brush, One Step Hair Dryer & Volumizer with Smooth Frizz and Ionic Technology",36.17,52:53.5,https://www.ebay.com/sch/i.html?_from=R40&_trksid=p2380057.m570.l1313.TR12.TRC2.A0.H0.XHair+Dryer+Brush%2C+Hot+Air+Brush%2C+One+Step+Hair+Dryer+%26+Volumizer+with+Smooth+Fr.TRS0&_nkw=Hair+Dryer+Brush%2C+Hot+Air+Brush%2C+One+Step+Hair+Dryer+%26+Volumizer+with+Smooth+Frizz+and+Ionic+Technology&_sacat=0
"Eye Dropper Bottle, Hoa Kinh 48 Pack 1 oz 30ml Amber Glass Dropper Bottle with Droppers, 2 Funnels for Essential Oils, Perfumes",4.75,53:07.9,https://www.ebay.com/sch/i.html?_from=R40&_trksid=m570.l1313&_nkw=Eye+Dropper+Bottle%2C+Hoa+Kinh+48+Pack+1+oz+30ml+Amber+Glass+Dropper+Bottle+with+Droppers%2C+2+Funnels+for+Essential+Oils%2C+Perfumes&_sacat=0
"Conair Double Ceramic Curling Iron, 1 Inch Curling Iron, White/Rose Gold",7.96,53:23.1,https://www.ebay.com/sch/i.html?_from=R40&_trksid=p2380057.m570.l1313.TR2.TRC1.A0.H0.XConair+Double+Ceramic+Curling+Iron%2C+1+Inch+Curling+Iron%2C+White%2FRose+Gold.TRS0&_nkw=Conair+Double+Ceramic+Curling+Iron%2C+1+Inch+Curling+Iron%2C+White%2FRose+Gold&_sacat=0
TCA 15% Skin Peel - Salicylic Acid 5% Enhanced with Botanical Extracts,26.19,53:37.3,https://www.ebay.com/sch/i.html?_from=R40&_trksid=p2380057.m570.l1313.TR11.TRC1.A0.H0.XTCA+15%25+Skin+Peel+-+Salicylic+Acid+5%25+Enhanced+with+Botanical+Extracts.TRS0&_nkw=TCA+15%25+Skin+Peel+-+Salicylic+Acid+5%25+Enhanced+with+Botanical+Extracts&_sacat=0
"Comfer Heated Knee Brace Wrap with Massage,Vibration Knee Massager with Heating Pad for Knee Pain,Leg Massager,Heated Knee Pad for Arthritis Join Pain Relief",68.59,53:50.7,https://www.ebay.com/sch/i.html?_from=R40&_trksid=m570.l1313&_nkw=Comfer+Heated+Knee+Brace+Wrap+with+Massage%2CVibration+Knee+Massager+with+Heating+Pad+for+Knee+Pain%2CLeg+Massager%2CHeated+Knee+Pad+for+Arthritis+Join+Pain+Relief&_sacat=0
[the SAEM] Natural Facial Mask Sheet 21ml 20 Pack - Korean Skincare Moisturizing and Nourishing Facial Mask Sheet Variety Combo Pack,27.99,54:06.3,https://www.ebay.com/sch/i.html?_from=R40&_trksid=p2380057.m570.l1313.TR12.TRC2.A0.H0.X%5Bthe+SAEM%5D+Natural+Facial+Mask+Sheet+21ml+20+Pack+-+Korean+Skincare+Moisturizin.TRS0&_nkw=%5Bthe+SAEM%5D+Natural+Facial+Mask+Sheet+21ml+20+Pack+-+Korean+Skincare+Moisturizing+and+Nourishing+Facial+Mask+Sheet+Variety+Combo+Pack&_sacat=0
BERON Long Wavy Soft Synthetic Wig with Straight Bangs for Women Girls Wig Cap Included (Black),18.86,54:23.1,https://www.ebay.com/sch/i.html?_from=R40&_trksid=m570.l1313&_nkw=BERON+Long+Wavy+Soft+Synthetic+Wig+with+Straight+Bangs+for+Women+Girls+Wig+Cap+Included+%28Black%29&_sacat=0
"Vive Desk Bike Cycle - Foot Pedal Exerciser - Foldable Portable Foot, Hand, Arm, Leg Exercise Pedaling Machine - Folding Mini Stationary Bike Pedaler, Fitness Rehab Gym Equipment (Teal)",45.0,54:41.6,https://www.ebay.com/sch/i.html?_from=R40&_trksid=m570.l1313&_nkw=Vive+Desk+Bike+Cycle+-+Foot+Pedal+Exerciser+-+Foldable+Portable+Foot%2C+Hand%2C+Arm%2C+Leg+Exercise+Pedaling+Machine+-+Folding+Mini+Stationary+Bike+Pedaler%2C+Fitness+Rehab+Gym+Equipment+%28Teal%29&_sacat=0
"Real Techniques Makeup Blender Brush for Liquid Foundation, Versatile for Cream and Powder Foundations",11.99,54:56.0,https://www.ebay.com/sch/i.html?_from=R40&_trksid=p2380057.m570.l1313.TR11.TRC1.A0.H0.XReal+Techniques+Makeup+Blender+Brush+for+Liquid+Foundation%2C+Versatile+for+Cream.TRS0&_nkw=Real+Techniques+Makeup+Blender+Brush+for+Liquid+Foundation%2C+Versatile+for+Cream+and+Powder+Foundations&_sacat=0
Slick Gorilla Hair Styling Texturizing Powder 0.70 Ounce (20g),27.33,55:10.2,https://www.ebay.com/sch/i.html?_from=R40&_trksid=m570.l1313&_nkw=Slick+Gorilla+Hair+Styling+Texturizing+Powder+0.70+Ounce+%2820g%29&_sacat=0
"Medpride Hydrocolloid Wound Dressing Pads 10-Pack, 4 by 4 Sterile Adhesive Patches Individually Packed, Highly Absorbent, Water-Resistant & Comfortable Stays On for Multiple Days",19.46,55:27.8,https://www.ebay.com/sch/i.html?_from=R40&_trksid=p2380057.m570.l1313.TR12.TRC2.A0.H0.XMedpride+Hydrocolloid+Wound+Dressing+Pads+10-Pack%2C+4+by+4+Sterile+Adhesive+Patc.TRS0&_nkw=Medpride+Hydrocolloid+Wound+Dressing+Pads+10-Pack%2C+4+by+4+Sterile+Adhesive+Patches+Individually+Packed%2C+Highly+Absorbent%2C+Water-Resistant+%26+Comfortable+Stays+On+for+Multiple+Days&_sacat=0
"GENIUS Hair Growth Oil, Biotin Hair Growth Serum, for Stronger, Thicker, Longer Hair, Hair Growth Treatment for Women Men With Thinning Hair Loss Serum 1fl oz",42.32,55:44.0,https://www.ebay.com/sch/i.html?_from=R40&_trksid=m570.l1313&_nkw=GENIUS+Hair+Growth+Oil%2C+Biotin+Hair+Growth+Serum%2C+for+Stronger%2C+Thicker%2C+Longer+Hair%2C+Hair+Growth+Treatment+for+Women+Men+With+Thinning+Hair+Loss+Serum+1fl+oz&_sacat=0
Hair Diffuser Universal Hair Diffuser Attachment Hair Dryer Diffuser,13.97,55:54.6,https://www.ebay.com/sch/i.html?_from=R40&_trksid=m570.l1313&_nkw=Hair+Diffuser+Universal+Hair+Diffuser+Attachment+Hair+Dryer+Diffuser&_sacat=0
"Organic Face Moisturizer, Unscented Natural Face Cream for Every Skin Type, Mostly Aloe, Jojoba, Green Tea, Shea Butter, Sweet Almond, 1.7 Ounces",0.0,56:11.8,https://www.ebay.com/sch/i.html?_from=R40&_trksid=p2380057.m570.l1313.TR2.TRC1.A0.H0.XOrganic+Face+Moisturizer%2C+Unscented+Natural+Face+Cream+for+Every+Skin+Type%2C+Mos.TRS0&_nkw=Organic+Face+Moisturizer%2C+Unscented+Natural+Face+Cream+for+Every+Skin+Type%2C+Mostly+Aloe%2C+Jojoba%2C+Green+Tea%2C+Shea+Butter%2C+Sweet+Almond%2C+1.7+Ounces&_sacat=0
"Maui Moisture Shea Butter Body Wash 19.5 Ounce Moisturizing Body Wash Formulated for Dry Skin Normal Skin Combination Skin, with Aloe Vera Juice and Coconut Water, Silicone Free",10.69,56:31.2,https://www.ebay.com/sch/i.html?_from=R40&_trksid=p2380057.m570.l1313.TR12.TRC2.A0.H0.XMaui+Moisture+Shea+Butter+Body+Wash+19.5+Ounce+Moisturizing+Body+Wash+Formulate.TRS0&_nkw=Maui+Moisture+Shea+Butter+Body+Wash+19.5+Ounce+Moisturizing+Body+Wash+Formulated+for+Dry+Skin+Normal+Skin+Combination+Skin%2C+with+Aloe+Vera+Juice+and+Coconut+Water%2C+Silicone+Free&_sacat=0
MIGHTY BLISS,59.95,56:46.6,https://www.ebay.com/sch/i.html?_from=R40&_trksid=m570.l1313&_nkw=MIGHTY+BLISS&_sacat=0
"Braun BFH-125 Forehead Thermometer, White Forehead Thermometer for Babies, Kids, Toddlers, Adults, Display is Digital and Accurate, Thermometer for Precise Fever Tracking at Home",79.99,57:14.1,https://www.ebay.com/sch/i.html?_from=R40&_trksid=p2380057.m570.l1313.TR5.TRC2.A0.H0.XBraun+BFH-125+Forehead+Thermometer%2C+White+Forehead+Thermometer+for+Babies%2C+Kids.TRS0&_nkw=Braun+BFH-125+Forehead+Thermometer%2C+White+Forehead+Thermometer+for+Babies%2C+Kids%2C+Toddlers%2C+Adults%2C+Display+is+Digital+and+Accurate%2C+Thermometer+for+Precise+Fever+Tracking+at+Home&_sacat=0
"Weleda Childrens Tooth Gel, 1.7 Ounce",10.39,57:30.0,https://www.ebay.com/sch/i.html?_from=R40&_trksid=m570.l1313&_nkw=Weleda+Childrens+Tooth+Gel%2C+1.7+Ounce&_sacat=0
"Maui Moisture Volcanic Body Wash 19.5 Ounce Moisturizing Body Wash Formulated for Rough Dull Dry Skin Normal Skin Combination Skin, with Aloe Vera Juice and Coconut Water, Silicone Free",0.0,57:58.1,https://www.ebay.com/sch/i.html?_from=R40&_trksid=m570.l1313&_nkw=Maui+Moisture+Volcanic+Body+Wash+19.5+Ounce+Moisturizing+Body+Wash+Formulated+for+Rough+Dull+Dry+Skin+Normal+Skin+Combination+Skin%2C+with+Aloe+Vera+Juice+and+Coconut+Water%2C+Silicone+Free&_sacat=0
Diabetes Doctor Mealtime Sugar Defense (Sugar-Blocker) - Reduce Blood Sugar Spikes and Carbohydrate Absorption -Stable Blood Glucose Levels for Type 2 Diabetes Support and Weight Loss Support,0.0,58:29.7,https://www.ebay.com/sch/i.html?_from=R40&_trksid=m570.l1313&_nkw=Diabetes+Doctor+Mealtime+Sugar+Defense+%28Sugar-Blocker%29+-+Reduce+Blood+Sugar+Spikes+and+Carbohydrate+Absorption+-Stable+Blood+Glucose+Levels+for+Type+2+Diabetes+Support+and+Weight+Loss+Support&_sacat=0
"Queendom Self Matte Woman Lipstick, Deep Plum Shade Matte Finish & Long Lasting Lipstick Cruelty Free, Paraben Free",19.99,58:50.9,https://www.ebay.com/sch/i.html?_from=R40&_trksid=m570.l1313&_nkw=Queendom+Self+Matte+Woman+Lipstick%2C+Deep+Plum+Shade+Matte+Finish+%26+Long+Lasting+Lipstick+Cruelty+Free%2C+Paraben+Free&_sacat=0
"3PCS Key Chains Ring Bracelets, Leather Tassel Bangle Round Key Ring Wristlet Keychain for Women Girl and Valentine Birthday Party Gifts",16.99,59:05.1,https://www.ebay.com/sch/i.html?_from=R40&_trksid=p2380057.m570.l1313.TR12.TRC2.A0.H0.X3PCS+Key+Chains+Ring+Bracelets%2C+Leather+Tassel+Bangle+Round+Key+Ring+Wristlet+K.TRS0&_nkw=3PCS+Key+Chains+Ring+Bracelets%2C+Leather+Tassel+Bangle+Round+Key+Ring+Wristlet+Keychain+for+Women+Girl+and+Valentine+Birthday+Party+Gifts&_sacat=0
"The Body Shop For Men Maca Root Deodorant Stick, 2.6 Oz",4.0,59:27.1,https://www.ebay.com/sch/i.html?_from=R40&_trksid=p2380057.m570.l1313.TR12.TRC2.A0.H0.XThe+Body+Shop+For+Men+Maca+Root+Deodorant+Stick%2C+2.6+Oz.TRS0&_nkw=The+Body+Shop+For+Men+Maca+Root+Deodorant+Stick%2C+2.6+Oz&_sacat=0
SE Cross Lock Soldering Tweezers with Fiber Grip and 45-Degree Angle - 509TW,4.25,59:55.9,https://www.ebay.com/sch/i.html?_from=R40&_trksid=p2380057.m570.l1313.TR12.TRC2.A0.H0.XSE+Cross+Lock+Soldering+Tweezers+with+Fiber+Grip+and+45-Degree+Angle+-+509TW.TRS0&_nkw=SE+Cross+Lock+Soldering+Tweezers+with+Fiber+Grip+and+45-Degree+Angle+-+509TW&_sacat=0
"Ear Cleaner, Ear Wax Removal Kit, Ear Wax Removal Tool, Ear Cleaning, 4 Types Ear Spoons, Soft Silicone,with LED Light Powerful Suction for Easy Cleaning, Senior White",36.11,00:15.7,https://www.ebay.com/sch/i.html?_from=R40&_trksid=p2380057.m570.l1313.TR9.TRC2.A0.H0.XEar+Cleaner%2C+Ear+Wax+Removal+Kit%2C+Ear+Wax+Removal+Tool%2C+Ear+Cleaning%2C+4+Types+E.TRS0&_nkw=Ear+Cleaner%2C+Ear+Wax+Removal+Kit%2C+Ear+Wax+Removal+Tool%2C+Ear+Cleaning%2C+4+Types+Ear+Spoons%2C+Soft+Silicone%2Cwith+LED+Light+Powerful+Suction+for+Easy+Cleaning%2C+Senior+White&_sacat=0
"Two Peas Organics - All Natural Organic Sunscreen Lotion - Coral Reef Safe - Baby, Kid & Family Friendly - Chemical Free Mineral Based Formula - Waterproof & Unscented - SPF 30-3oz",0.0,00:36.6,https://www.ebay.com/sch/i.html?_from=R40&_trksid=m570.l1313&_nkw=Two+Peas+Organics+-+All+Natural+Organic+Sunscreen+Lotion+-+Coral+Reef+Safe+-+Baby%2C+Kid+%26+Family+Friendly+-+Chemical+Free+Mineral+Based+Formula+-+Waterproof+%26+Unscented+-+SPF+30-3oz&_sacat=0
"Secret Outlast Clear Gel Antiperspirant Deodorant for Women, Unscented 2.6 oz (Packaging May Vary)",0.0,00:50.4,https://www.ebay.com/sch/i.html?_from=R40&_trksid=m570.l1313&_nkw=Secret+Outlast+Clear+Gel+Antiperspirant+Deodorant+for+Women%2C+Unscented+2.6+oz+%28Packaging+May+Vary%29&_sacat=0
"Tomight Jade Roller for Face with Gua Sha Tool, Perfect for Aging Wrinkles Puffiness Facial Skin Massager Treatment Therapy",15.5,01:02.5,https://www.ebay.com/sch/i.html?_from=R40&_trksid=m570.l1313&_nkw=Tomight+Jade+Roller+for+Face+with+Gua+Sha+Tool%2C+Perfect+for+Aging+Wrinkles+Puffiness+Facial+Skin+Massager+Treatment+Therapy&_sacat=0
Lelinta Hair Bun Extensions Wavy Curly Messy Hair Extensions Donut Hair Chignons Hair Piece Wig Hairpiece,13.99,01:17.6,https://www.ebay.com/sch/i.html?_from=R40&_trksid=m570.l1313&_nkw=Lelinta+Hair+Bun+Extensions+Wavy+Curly+Messy+Hair+Extensions+Donut+Hair+Chignons+Hair+Piece+Wig+Hairpiece&_sacat=0
"Oral-b Healthy Clean Toothbrushes, Medium Bristles, 6 Count(Assorted colors)",0.0,01:31.4,https://www.ebay.com/sch/i.html?_from=R40&_trksid=p2380057.m570.l1313.TR11.TRC1.A0.H0.XOral-b+Healthy+Clean+Toothbrushes%2C+Medium+Bristles%2C+6+Count%28Assorted+colors%29.TRS0&_nkw=Oral-b+Healthy+Clean+Toothbrushes%2C+Medium+Bristles%2C+6+Count%28Assorted+colors%29&_sacat=0
"6 Pack Reading Glasses by BOOST EYEWEAR, Clear Half Rim Frames, for Men and Women, with Comfort Spring Loaded Hinges, Clear, 6 Pairs (+2.00)",14.99,01:49.4,https://www.ebay.com/sch/i.html?_from=R40&_trksid=p2380057.m570.l1313.TR11.TRC1.A0.H0.X6+Pack+Reading+Glasses+by+BOOST+EYEWEAR%2C+Clear+Half+Rim+Frames%2C+for+Men+and+Wom.TRS0&_nkw=6+Pack+Reading+Glasses+by+BOOST+EYEWEAR%2C+Clear+Half+Rim+Frames%2C+for+Men+and+Women%2C+with+Comfort+Spring+Loaded+Hinges%2C+Clear%2C+6+Pairs+%28%2B2.00%29&_sacat=0
Massage Ball Rollers Therapy Tools for Essential Oils,23.48,02:03.5,https://www.ebay.com/sch/i.html?_from=R40&_trksid=p2380057.m570.l1313.TR12.TRC2.A0.H0.XMassage+Ball+Rollers+Therapy+Tools+for+Essential+Oils.TRS0&_nkw=Massage+Ball+Rollers+Therapy+Tools+for+Essential+Oils&_sacat=0
"Self Adherent Cohesive Bandages Wrap 6 Count 2"" x 5 Yards, Medical Tape, Adhesive Flexible Breathable First Aid Non Woven Rolls, Stretch Athletic, Ankle Sprains & Swelling, Sports, FDA Approved",9.6,02:22.0,https://www.ebay.com/sch/i.html?_from=R40&_trksid=p2380057.m570.l1313.TR12.TRC2.A0.H0.XSelf+Adherent+Cohesive+Bandages+Wrap+6+Count+2%22+x+5+Yards%2C+Medical+Tape%2C+Adhesi.TRS0&_nkw=Self+Adherent+Cohesive+Bandages+Wrap+6+Count+2%22+x+5+Yards%2C+Medical+Tape%2C+Adhesive+Flexible+Breathable+First+Aid+Non+Woven+Rolls%2C+Stretch+Athletic%2C+Ankle+Sprains+%26+Swelling%2C+Sports%2C+FDA+Approved&_sacat=0
dummy,18.99,02:30.9,https://www.ebay.com/sch/i.html?_from=R40&_trksid=m570.l1313&_nkw=dummy&_sacat=0
5282,59.99,02:46.7,https://www.ebay.com/sch/i.html?_from=R40&_trksid=p2380057.m570.l1313.TR2.TRC1.A0.H0.X5282.TRS0&_nkw=5282&_sacat=0
5286,89.95,03:00.4,https://www.ebay.com/sch/i.html?_from=R40&_trksid=m570.l1313&_nkw=5286&_sacat=0
7681,64.95,03:10.4,https://www.ebay.com/sch/i.html?_from=R40&_trksid=m570.l1313&_nkw=7681&_sacat=0
5284,34.49,03:21.7,https://www.ebay.com/sch/i.html?_from=R40&_trksid=p2380057.m570.l1313.TR11.TRC1.A0.H0.X5284.TRS0&_nkw=5284&_sacat=0
7679,50.0,03:37.8,https://www.ebay.com/sch/i.html?_from=R40&_trksid=p2380057.m570.l1313.TR6.TRC1.A0.H0.X7679.TRS0&_nkw=7679&_sacat=0
5285,83.0,03:48.7,https://www.ebay.com/sch/i.html?_from=R40&_trksid=m570.l1313&_nkw=5285&_sacat=0
7680,152.5,04:04.7,https://www.ebay.com/sch/i.html?_from=R40&_trksid=m570.l1313&_nkw=7680&_sacat=0
PLRGB3HD250,133.55,04:15.2,https://www.ebay.com/sch/i.html?_from=R40&_trksid=m570.l1313&_nkw=PLRGB3HD250&_sacat=0
AH19R,21.25,04:30.1,https://www.ebay.com/sch/i.html?_from=R40&_trksid=m570.l1313&_nkw=AH19R&_sacat=0
AH1UR,9.25,04:40.3,https://www.ebay.com/sch/i.html?_from=R40&_trksid=p2380057.m570.l1313.TR12.TRC2.A0.H0.XAH1UR.TRS0&_nkw=AH1UR&_sacat=0
ANT111R,25.83,04:50.4,https://www.ebay.com/sch/i.html?_from=R40&_trksid=p2380057.m570.l1313.TR12.TRC2.A0.H0.XANT111R.TRS0&_nkw=ANT111R&_sacat=0
DH202R,25.0,05:03.4,https://www.ebay.com/sch/i.html?_from=R40&_trksid=m570.l1313&_nkw=DH202R&_sacat=0
DH25QCR,34.29,05:12.6,https://www.ebay.com/sch/i.html?_from=R40&_trksid=m570.l1313&_nkw=DH25QCR&_sacat=0
RCRV06GR,14.99,05:25.0,https://www.ebay.com/sch/i.html?_from=R40&_trksid=m570.l1313&_nkw=RCRV06GR&_sacat=0
TP243R,5.99,05:39.1,https://www.ebay.com/sch/i.html?_from=R40&_trksid=p2380057.m570.l1313.TR11.TRC1.A0.H0.XTP243R.TRS0&_nkw=TP243R&_sacat=0
TP257R,0.0,05:46.8,https://www.ebay.com/sch/i.html?_from=R40&_trksid=m570.l1313&_nkw=TP257R&_sacat=0
VH1454R,13.99,05:59.1,https://www.ebay.com/sch/i.html?_from=R40&_trksid=m570.l1313&_nkw=VH1454R&_sacat=0
HEOO51,13.99,06:08.5,https://www.ebay.com/sch/i.html?_from=R40&_trksid=m570.l1313&_nkw=HEOO51&_sacat=0
HE005110,24.0,06:17.8,https://www.ebay.com/sch/i.html?_from=R40&_trksid=p2380057.m570.l1313.TR12.TRC2.A0.H0.XHE005110.TRS0&_nkw=HE005110&_sacat=0
ASM-ACIL,7.25,06:33.9,https://www.ebay.com/sch/i.html?_from=R40&_trksid=m570.l1313&_nkw=ASM-ACIL&_sacat=0
"Apple iPhone 6 64GB, 32GB & 16GB",129.89,43:35.8,https://www.ebay.com/sch/i.html?_from=R40&_trksid=m570.l1313&_nkw=Apple+iPhone+6+64GB%2C+32GB+%26+16GB&_sacat=0
Apple iPhone 6 Plus 64GB & 16GB,144.98,02:09.2,https://www.ebay.com/sch/i.html?_from=R40&_trksid=p2380057.m570.l1313.TR12.TRC2.A0.H0.XApple+iPhone+6+Plus+64GB+%26+16GB.TRS0&_nkw=Apple+iPhone+6+Plus+64GB+%26+16GB&_sacat=0
Apple iPhone 6S 32GB & 16GB,129.89,02:20.7,https://www.ebay.com/sch/i.html?_from=R40&_trksid=p2380057.m570.l1313.TR12.TRC2.A0.H0.XApple+iPhone+6S+32GB+%26+16GB.TRS0&_nkw=Apple+iPhone+6S+32GB+%26+16GB&_sacat=0
Apple iPhone XS Max - 256GB,514.98,21:28.6,https://www.ebay.com/sch/i.html?_from=R40&_trksid=m570.l1313&_nkw=Apple+iPhone+XS+Max+-+256GB&_sacat=0
Apple iPhone X - 256GB,449.99,21:55.8,https://www.ebay.com/sch/i.html?_from=R40&_trksid=m570.l1313&_nkw=Apple+iPhone+X+-+256GB&_sacat=0
Apple iPhone 8 - 64GB,179.99,22:34.5,https://www.ebay.com/sch/i.html?_from=R40&_trksid=m570.l1313&_nkw=Apple+iPhone+8+-+64GB&_sacat=0
Apple iPhone 7 - 128GB,129.99,23:18.7,https://www.ebay.com/sch/i.html?_from=R40&_trksid=m570.l1313&_nkw=Apple+iPhone+7+-+128GB&_sacat=0
Apple iPhone 7 - 32GB,154.99,23:43.4,https://www.ebay.com/sch/i.html?_from=R40&_trksid=m570.l1313&_nkw=Apple+iPhone+7+-+32GB&_sacat=0
Apple iPhone 6 - 64GB,114.0,24:30.6,https://www.ebay.com/sch/i.html?_from=R40&_trksid=m570.l1313&_nkw=Apple+iPhone+6+-+64GB&_sacat=0
Apple iPhone 7 Plus - 32GB,199.89,25:29.8,https://www.ebay.com/sch/i.html?_from=R40&_trksid=m570.l1313&_nkw=Apple+iPhone+7+Plus+-+32GB&_sacat=0
Apple iPhone 8 Plus 64GB,399.0,13:50.2,https://www.ebay.com/sch/i.html?_from=R40&_trksid=p2380057.m570.l1313.TR12.TRC2.A0.H0.XApple+iPhone+8+Plus+64GB.TRS0&_nkw=Apple+iPhone+8+Plus+64GB&_sacat=0
Apple iPhone 7 Plus 256GB & 32GB,199.89,14:05.0,https://www.ebay.com/sch/i.html?_from=R40&_trksid=p2380057.m570.l1313.TR9.TRC1.A0.H0.XApple+iPhone+7+Plus+256GB+%26+32GB.TRS0&_nkw=Apple+iPhone+7+Plus+256GB+%26+32GB&_sacat=0
Apple iPhone 7 128GB & 32GB.,119.0,14:21.7,https://www.ebay.com/sch/i.html?_from=R40&_trksid=p2380057.m570.l1313.TR12.TRC2.A0.H0.XApple+iPhone+7+128GB+%26+32GB..TRS0&_nkw=Apple+iPhone+7+128GB+%26+32GB.&_sacat=0
Samsung Galaxy S8 Plus,204.0,35:56.9,https://www.ebay.com/sch/i.html?_from=R40&_trksid=m570.l1313&_nkw=Samsung+Galaxy+S8+Plus&_sacat=0
Unlocked Apple iPhone 6 16GB,99.99,46:43.2,https://www.ebay.com/sch/i.html?_from=R40&_trksid=p2380057.m570.l1313.TR11.TRC1.A0.H0.XUnlocked+Apple+iPhone+6+16GB.TRS0&_nkw=Unlocked+Apple+iPhone+6+16GB&_sacat=0
Unlocked Google Pixel 3,149.99,46:54.5,https://www.ebay.com/sch/i.html?_from=R40&_trksid=m570.l1313&_nkw=Unlocked+Google+Pixel+3&_sacat=0
Unlocked Apple iPhone 5S 64GB & 32GB,45.0,47:10.1,https://www.ebay.com/sch/i.html?_from=R40&_trksid=p2380057.m570.l1313.TR11.TRC1.A0.H0.XUnlocked+Apple+iPhone+5S+64GB+%26+32GB.TRS0&_nkw=Unlocked+Apple+iPhone+5S+64GB+%26+32GB&_sacat=0
Unlocked Apple iPhone 5 64GB & 32GB,45.0,47:23.6,https://www.ebay.com/sch/i.html?_from=R40&_trksid=m570.l1313&_nkw=Unlocked+Apple+iPhone+5+64GB+%26+32GB&_sacat=0
Unlocked Apple iPhone 5 16GB,69.56,47:33.5,https://www.ebay.com/sch/i.html?_from=R40&_trksid=m570.l1313&_nkw=Unlocked+Apple+iPhone+5+16GB&_sacat=0
Unlocked Apple iPhone 5S 16GB,54.99,2020-06-19 17:51:35.458405,https://www.ebay.com/sch/i.html?_from=R40&_trksid=p2380057.m570.l1313.TR11.TRC1.A0.H0.XUnlocked+Apple+iPhone+5S+16GB.TRS0&_nkw=Unlocked+Apple+iPhone+5S+16GB&_sacat=0
